股票代码,股票名称,日期,开盘,收盘,最高,最低,成交量,换手率,成交额
300666,江丰电子,2023-01-03,68.12,72.12,72.62,67.61,5775500.0,0.0329,414790600.0
300666,江丰电子,2023-01-04,72.14,68.39,74.78,67.82,9669000.0,0.055,690125500.0
300666,江丰电子,2023-01-05,68.46,69.05,69.4,66.81,6438300.0,0.036699999999999997,446260600.0
300666,江丰电子,2023-01-06,68.71,70.26,71.15,68.02,5934200.0,0.0338,422280400.0
300666,江丰电子,2023-01-09,70.46,72.29,73.31,69.92,6223600.0,0.0354,454543900.0
300666,江丰电子,2023-01-10,72.06,72.73,74.06,71.61,6623600.0,0.0377,491120199.99999994
300666,江丰电子,2023-01-11,72.91,73.47,76.13,72.84,10053100.0,0.0572,763210000.0
300666,江丰电子,2023-01-12,73.47,71.9,73.91,71.67,4440900.0,0.0253,325593200.0
300666,江丰电子,2023-01-13,72.31,71.44,72.31,70.5,3227300.0,0.0184,233745500.0
300666,江丰电子,2023-01-16,70.61,71.94,72.9,70.51,4193500.0,0.0239,306063500.0
300666,江丰电子,2023-01-17,71.85,74.54,74.81,71.61,6223300.0,0.0354,466521400.0
300666,江丰电子,2023-01-18,74.84,74.04,75.41,73.78,3480900.0,0.019799999999999998,263305400.0
300666,江丰电子,2023-01-19,74.3,75.24,75.91,73.21,3594300.0,0.020499999999999997,272668400.0
300666,江丰电子,2023-01-20,74.91,75.05,75.47,74.52,3186500.0,0.0181,242462000.0
300666,江丰电子,2023-01-30,75.84,72.99,76.03,72.87,7070600.0,0.0403,528653300.0
300666,江丰电子,2023-01-31,73.27,70.51,73.76,69.63,8270100.0,0.0471,598116300.0
300666,江丰电子,2023-02-01,70.5,73.71,73.79,70.42,8204400.0,0.0467,604748000.0
300666,江丰电子,2023-02-02,73.91,74.79,77.44,73.01,11158600.0,0.0635,849228500.0
300666,江丰电子,2023-02-03,74.51,77.37,77.42,74.04,10135900.0,0.057699999999999994,783532000.0
300666,江丰电子,2023-02-06,76.18,75.1,76.91,74.62,7322600.0,0.0417,561106000.0
300666,江丰电子,2023-02-07,74.91,74.45,75.41,73.74,4960100.0,0.0282,374131100.0
300666,江丰电子,2023-02-08,74.22,73.69,75.91,73.41,4569200.0,0.026000000000000002,344436900.0
300666,江丰电子,2023-02-09,73.33,78.24,78.33,72.0,11961600.0,0.0681,928141200.0
300666,江丰电子,2023-02-10,78.41,76.8,78.79,76.03,7183700.0,0.0409,561141700.0
300666,江丰电子,2023-02-13,76.69,78.22,78.88,76.09,6913200.0,0.0394,545828800.0
300666,江丰电子,2023-02-14,78.38,77.64,80.36,77.24,6121600.0,0.0348,485934000.0
300666,江丰电子,2023-02-15,77.18,79.22,79.41,76.21,6755200.0,0.0384,534202400.0
300666,江丰电子,2023-02-16,78.9,79.6,82.86,78.02,12189400.0,0.0694,996555300.0
300666,江丰电子,2023-02-17,79.6,74.81,79.7,74.56,9584500.0,0.0545,744128000.0
300666,江丰电子,2023-02-20,74.12,76.14,76.41,73.35,6055400.0,0.0345,459280000.0
300666,江丰电子,2023-02-21,75.79,76.21,76.85,75.54,3524400.0,0.020099999999999996,271985800.0
300666,江丰电子,2023-02-22,75.41,75.77,76.66,74.93,3193700.0,0.0182,245689800.0
300666,江丰电子,2023-02-23,75.77,76.31,77.11,75.44,4044200.0,0.023,313968100.0
300666,江丰电子,2023-02-24,76.89,78.18,78.8,75.93,5710400.0,0.0325,449428800.0
300666,江丰电子,2023-02-27,77.47,77.46,78.48,76.35,4099600.0,0.0233,322178300.0
300666,江丰电子,2023-02-28,77.53,76.91,78.71,76.42,3870500.0,0.022000000000000002,304021400.0
300666,江丰电子,2023-03-01,76.71,77.13,77.13,75.54,4096100.0,0.0233,317067200.0
300666,江丰电子,2023-03-02,76.92,75.46,78.12,75.46,4337100.0,0.024700000000000003,338224100.00000006
300666,江丰电子,2023-03-03,76.83,77.06,77.79,75.58,5423300.0,0.030899999999999997,422786400.0
300666,江丰电子,2023-03-06,77.06,78.83,79.71,75.02,8062200.0,0.045899999999999996,636373200.0
300666,江丰电子,2023-03-07,78.83,75.16,80.39,74.91,7064400.0,0.04019999999999999,552584600.0
300666,江丰电子,2023-03-08,74.91,75.56,76.63,74.07,5349800.0,0.0304,409293000.0
300666,江丰电子,2023-03-09,75.29,77.18,78.57,75.11,6732000.0,0.0383,527668800.0
300666,江丰电子,2023-03-10,76.73,77.49,79.41,74.59,9308700.0,0.053,728287600.0
300666,江丰电子,2023-03-13,76.99,76.21,77.91,75.19,5898400.0,0.0336,455091400.0
300666,江丰电子,2023-03-14,75.64,78.43,78.89,75.14,8221000.0,0.046799999999999994,644186400.0
300666,江丰电子,2023-03-15,78.89,78.91,81.99,77.85,9830100.0,0.0559,795387100.0000001
300666,江丰电子,2023-03-16,78.41,78.15,79.88,77.04,6114200.0,0.0348,486679200.0
300666,江丰电子,2023-03-17,79.31,80.21,80.89,78.23,8306200.0,0.0473,672489400.0
300666,江丰电子,2023-03-20,80.11,80.57,81.56,78.72,8769400.0,0.0499,714047800.0
300666,江丰电子,2023-03-21,80.54,79.06,80.6,77.93,7592200.0,0.0432,609221700.0
300666,江丰电子,2023-03-22,78.71,77.06,78.95,76.13,8150600.0,0.0464,639551800.0
300666,江丰电子,2023-03-23,76.41,78.14,78.38,76.31,6300400.0,0.0359,495912500.0
300666,江丰电子,2023-03-24,78.37,75.3,78.41,75.24,7939500.0,0.0452,614845600.0
300666,江丰电子,2023-03-27,74.41,74.51,76.41,74.12,5474500.0,0.031200000000000002,417785199.99999994
300666,江丰电子,2023-03-28,74.16,68.71,74.4,68.5,11896500.0,0.0677,852526500.0
300666,江丰电子,2023-03-29,68.41,69.81,70.86,68.23,6329200.0,0.036000000000000004,448862600.0
300666,江丰电子,2023-03-30,69.82,69.49,71.3,69.26,5091100.0,0.028999999999999998,362167400.0
300666,江丰电子,2023-03-31,69.17,69.11,70.19,68.82,4983800.0,0.028399999999999998,350564500.0
300666,江丰电子,2023-04-03,69.56,71.4,71.48,69.09,7614300.0,0.0433,545351400.0
300666,江丰电子,2023-04-04,71.71,74.52,76.6,70.77,13389700.0,0.0762,1004403200.0000001
300666,江丰电子,2023-04-06,74.51,80.08,81.78,74.12,20516800.0,0.1168,1653680100.0
300666,江丰电子,2023-04-07,80.41,80.91,82.25,78.94,15253400.0,0.0868,1246963400.0
300666,江丰电子,2023-04-10,81.91,77.46,82.23,77.09,14327000.0,0.0737,1146856800.0
300666,江丰电子,2023-04-11,77.99,78.81,80.11,77.21,9651300.0,0.0496,769421300.0
300666,江丰电子,2023-04-12,78.83,82.71,84.76,76.92,17349800.0,0.0892,1432102100.0
300666,江丰电子,2023-04-13,81.85,80.36,82.91,80.1,10122900.0,0.0521,834544400.0
300666,江丰电子,2023-04-14,80.95,86.18,87.37,79.16,20353100.0,0.1047,1730805600.0
300666,江丰电子,2023-04-17,86.96,84.39,87.48,83.51,14634600.0,0.0753,1264632600.0
300666,江丰电子,2023-04-18,83.91,81.07,83.92,80.71,12167900.0,0.0626,1006819000.0
300666,江丰电子,2023-04-19,80.61,81.43,83.79,80.57,11078300.0,0.057,921316600.0
300666,江丰电子,2023-04-20,81.21,82.62,84.2,81.11,11866300.0,0.0574,994924100.0
300666,江丰电子,2023-04-21,82.24,77.42,82.61,77.24,12975300.0,0.06280000000000001,1041974200.0
300666,江丰电子,2023-04-24,76.81,72.94,77.16,72.38,12194700.0,0.058600000000000006,914003500.0
300666,江丰电子,2023-04-25,72.99,71.17,74.38,70.09,8092300.0,0.038900000000000004,592434200.0
300666,江丰电子,2023-04-26,71.07,70.78,71.99,68.21,10205600.0,0.049100000000000005,726460200.0
300666,江丰电子,2023-04-27,70.06,70.6,71.86,69.8,7357100.0,0.0354,529876500.0
300666,江丰电子,2023-04-28,71.91,72.44,72.82,70.67,9488300.0,0.045599999999999995,692660500.0
300666,江丰电子,2023-05-04,71.56,70.64,71.96,69.49,6063600.0,0.0291,434751000.0
300666,江丰电子,2023-05-05,70.17,69.68,71.61,69.31,4571000.0,0.022000000000000002,326374200.0
300666,江丰电子,2023-05-08,69.01,69.78,70.35,68.51,3856400.0,0.018500000000000003,272709500.0
300666,江丰电子,2023-05-09,69.2,65.97,69.27,65.93,8907600.0,0.042800000000000005,606665700.0
300666,江丰电子,2023-05-10,65.42,61.84,65.7,61.17,11300400.0,0.054299999999999994,717073800.0
300666,江丰电子,2023-05-11,62.85,61.41,63.23,61.36,5998300.0,0.0288,378746500.0
300666,江丰电子,2023-05-12,61.17,61.86,62.88,60.78,6401000.0,0.0308,402576400.0
300666,江丰电子,2023-05-15,61.51,63.84,63.9,60.71,7015800.0,0.0337,445418300.0
300666,江丰电子,2023-05-16,63.66,64.12,65.1,63.42,5602200.0,0.0269,366884700.0
300666,江丰电子,2023-05-17,63.72,64.96,65.51,63.41,4816100.0,0.0232,317538900.0
300666,江丰电子,2023-05-18,64.59,66.47,67.3,64.11,6848700.0,0.0329,457655199.99999994
300666,江丰电子,2023-05-19,66.64,66.64,67.11,65.19,5116300.0,0.0246,344966400.0
300666,江丰电子,2023-05-22,66.66,67.01,67.41,65.29,5124800.0,0.0246,346359900.0
300666,江丰电子,2023-05-23,66.63,66.53,68.19,65.91,4640900.0,0.0223,316400100.0
300666,江丰电子,2023-05-24,66.66,67.8,68.55,66.31,4956100.0,0.023799999999999998,340745899.99999994
300666,江丰电子,2023-05-25,67.56,67.51,68.38,65.75,5965800.0,0.0287,405094700.0
300666,江丰电子,2023-05-26,67.81,66.99,68.08,66.38,4864500.0,0.023399999999999997,333025199.99999994
300666,江丰电子,2023-05-29,67.21,67.73,68.19,66.19,5147100.0,0.024700000000000003,353855500.0
300666,江丰电子,2023-05-30,67.71,67.56,68.05,66.82,4167200.0,0.02,285363300.0
300666,江丰电子,2023-05-31,67.21,67.65,67.88,65.77,6149800.0,0.0296,417770199.99999994
300666,江丰电子,2023-06-01,67.31,67.03,67.31,66.22,3682800.0,0.0177,249986300.0
300666,江丰电子,2023-06-02,67.01,69.51,70.47,66.59,6905700.0,0.0332,483803100.0
300666,江丰电子,2023-06-05,69.91,70.03,72.54,69.91,6099900.0,0.029300000000000003,440259100.00000006
300666,江丰电子,2023-06-06,69.88,68.3,70.01,68.18,3836000.0,0.0184,268601800.0
300666,江丰电子,2023-06-07,68.27,67.67,69.22,67.21,2971000.0,0.0143,205221000.0
300666,江丰电子,2023-06-08,67.7,67.75,67.94,66.76,3452900.0,0.0166,236522300.0
300666,江丰电子,2023-06-09,67.76,68.59,70.29,67.4,6592100.0,0.0317,460500199.99999994
300666,江丰电子,2023-06-12,69.2,68.66,69.78,68.27,3126200.0,0.015,219184500.0
300666,江丰电子,2023-06-13,68.61,71.63,71.83,67.78,6727100.0,0.0323,482723800.0
300666,江丰电子,2023-06-14,71.6,72.14,72.7,70.82,5637900.0,0.0271,410941500.0
300666,江丰电子,2023-06-15,72.14,71.26,72.5,70.9,3274900.0,0.015700000000000002,237193800.0
300666,江丰电子,2023-06-16,71.12,70.78,71.91,70.32,3561300.0,0.0171,255308400.0
300666,江丰电子,2023-06-19,70.34,70.23,71.1,69.81,3093100.0,0.0149,220588600.0
300666,江丰电子,2023-06-20,70.26,70.31,70.68,69.71,2997600.0,0.0144,213176300.0
300666,江丰电子,2023-06-21,70.07,65.91,70.22,65.82,7347100.0,0.0353,499379100.00000006
300666,江丰电子,2023-06-26,65.24,65.79,67.11,64.91,3153500.0,0.0152,210380400.0
300666,江丰电子,2023-06-27,65.64,65.93,66.81,65.03,2741700.0,0.0132,183009600.0
300666,江丰电子,2023-06-28,65.93,63.95,66.29,63.33,5233700.0,0.0252,341963900.0
300666,江丰电子,2023-06-29,63.93,64.32,64.73,63.41,2899300.0,0.013999999999999999,188608200.0
300666,江丰电子,2023-06-30,64.32,67.07,67.45,63.94,4329400.0,0.0209,290367800.0
300666,江丰电子,2023-07-03,67.91,71.05,72.24,67.61,8472100.0,0.0408,603217500.0
300666,江丰电子,2023-07-04,71.04,70.67,71.96,70.31,5055900.0,0.024399999999999998,363607500.0
300666,江丰电子,2023-07-05,70.38,68.63,70.74,68.21,3756000.0,0.0181,263799300.0
300666,江丰电子,2023-07-06,68.63,68.16,69.69,67.96,2505100.0,0.0121,174236900.0
300666,江丰电子,2023-07-07,67.97,66.83,67.97,66.36,3027000.0,0.0146,205392700.0
300666,江丰电子,2023-07-10,66.79,66.01,67.25,65.61,2358900.0,0.011399999999999999,158712300.0
300666,江丰电子,2023-07-11,65.96,66.99,67.26,65.91,2276500.0,0.011000000000000001,154285400.0
300666,江丰电子,2023-07-12,66.9,65.61,67.37,65.49,2835200.0,0.0137,189862200.0
300666,江丰电子,2023-07-13,65.91,66.51,67.61,65.66,2877700.0,0.0139,194607900.0
300666,江丰电子,2023-07-14,66.54,65.86,67.66,65.69,3048200.0,0.0147,204665099.99999997
300666,江丰电子,2023-07-17,65.07,64.69,65.08,63.77,3203500.0,0.0154,208757100.0
300666,江丰电子,2023-07-18,64.69,65.08,66.45,64.66,2847700.0,0.0137,189487700.0
300666,江丰电子,2023-07-19,64.77,64.01,65.64,63.91,2117100.0,0.0102,138143900.0
300666,江丰电子,2023-07-20,64.02,63.22,64.38,63.11,2227000.0,0.010700000000000001,143863500.0
300666,江丰电子,2023-07-21,63.22,63.34,63.67,62.31,1931700.0,0.009300000000000001,123536299.99999999
300666,江丰电子,2023-07-24,63.11,62.1,63.11,61.73,2729400.0,0.0131,172268800.0
300666,江丰电子,2023-07-25,62.79,64.2,64.55,62.5,3112600.0,0.015,200748900.0
300666,江丰电子,2023-07-26,64.01,64.46,64.58,63.46,2532100.0,0.012199999999999999,164762100.0
300666,江丰电子,2023-07-27,64.83,63.33,64.85,62.99,2138800.0,0.0103,138551200.0
300666,江丰电子,2023-07-28,62.91,62.37,63.62,62.07,3182000.0,0.015300000000000001,202040600.0
300666,江丰电子,2023-07-31,62.57,63.31,63.91,62.05,2463200.0,0.011899999999999999,157622100.0
300666,江丰电子,2023-08-01,63.71,63.3,63.86,63.16,1637300.0,0.0079,105390800.0
300666,江丰电子,2023-08-02,62.81,64.05,64.4,62.8,2440900.0,0.0118,158154000.0
300666,江丰电子,2023-08-03,63.68,63.41,64.3,63.14,1667500.0,0.008,107456000.0
300666,江丰电子,2023-08-04,63.5,63.21,63.9,62.55,1921900.0,0.009300000000000001,123141900.0
300666,江丰电子,2023-08-07,63.12,63.29,63.62,62.81,1395600.0,0.0067,89376200.00000001
300666,江丰电子,2023-08-08,63.02,62.9,63.37,62.55,1283100.0,0.0062,81876100.0
300666,江丰电子,2023-08-09,62.7,62.46,63.04,61.87,1552600.0,0.0075,97998300.0
300666,江丰电子,2023-08-10,62.46,62.33,62.93,62.11,1027300.0,0.0049,65117700.00000001
300666,江丰电子,2023-08-11,62.21,59.57,62.41,58.9,4249100.0,0.0204,259511800.0
300666,江丰电子,2023-08-14,58.91,59.45,59.61,58.74,1635800.0,0.0079,98317600.0
300666,江丰电子,2023-08-15,59.48,57.91,59.99,56.71,3643300.0,0.0175,214123700.0
300666,江丰电子,2023-08-16,57.5,57.58,58.01,56.41,2553500.0,0.0123,148434400.0
300666,江丰电子,2023-08-17,57.27,57.65,58.06,56.85,1938500.0,0.009300000000000001,113356299.99999999
300666,江丰电子,2023-08-18,57.64,56.72,58.58,56.71,1682200.0,0.008100000000000001,98521800.0
300666,江丰电子,2023-08-21,56.42,55.74,56.95,55.74,2250000.0,0.0108,128689000.0
300666,江丰电子,2023-08-22,56.16,56.34,56.66,54.69,2814700.0,0.013500000000000002,159394000.0
300666,江丰电子,2023-08-23,56.29,55.23,56.55,55.12,1561200.0,0.0075,88523100.0
300666,江丰电子,2023-08-24,55.61,55.78,56.61,55.03,1953800.0,0.009399999999999999,110954200.0
300666,江丰电子,2023-08-25,55.61,53.78,55.61,53.31,2781200.0,0.0134,153397900.0
300666,江丰电子,2023-08-28,56.61,53.11,57.43,52.72,4602700.0,0.022099999999999998,257221500.0
300666,江丰电子,2023-08-29,53.11,56.35,56.9,52.98,5067800.0,0.024399999999999998,285719200.0
300666,江丰电子,2023-08-30,56.79,56.97,58.33,56.66,4197600.0,0.0202,244666300.0
300666,江丰电子,2023-08-31,56.79,58.89,60.49,56.56,8741500.0,0.042,524092200.0
300666,江丰电子,2023-09-01,58.86,58.0,59.71,57.86,3957500.0,0.019,235414600.0
300666,江丰电子,2023-09-04,58.74,58.36,59.01,57.52,3036300.0,0.0146,178860200.0
300666,江丰电子,2023-09-05,58.71,58.45,59.43,57.98,4086600.0,0.0197,243934000.0
300666,江丰电子,2023-09-06,58.49,64.78,65.57,58.44,14227200.0,0.0684,901889299.9999999
300666,江丰电子,2023-09-07,64.49,61.88,64.75,61.71,9242100.0,0.0444,590228000.0
300666,江丰电子,2023-09-08,61.68,64.51,66.77,61.21,11874800.0,0.0571,782805500.0
300666,江丰电子,2023-09-11,64.15,64.48,65.21,63.06,8544200.0,0.041100000000000005,555507900.0
300666,江丰电子,2023-09-12,64.58,63.81,64.88,63.31,5106300.0,0.0246,331595400.0
300666,江丰电子,2023-09-13,63.21,63.99,64.76,63.11,4780500.0,0.023,310166800.0
300666,江丰电子,2023-09-14,63.96,63.76,64.08,62.68,3604800.0,0.0173,231205000.0
300666,江丰电子,2023-09-15,63.76,65.72,67.77,63.31,8769900.0,0.042199999999999994,585484800.0
300666,江丰电子,2023-09-18,65.0,63.76,65.59,62.88,5974700.0,0.0287,386857400.0
300666,江丰电子,2023-09-19,63.16,64.12,65.31,61.86,5474000.0,0.0263,353107100.0
300666,江丰电子,2023-09-20,63.63,63.19,64.72,63.19,2807700.0,0.013500000000000002,181782300.0
300666,江丰电子,2023-09-21,62.76,62.42,63.81,62.16,2423200.0,0.011699999999999999,154283100.0
300666,江丰电子,2023-09-22,62.1,62.98,63.02,61.47,4401100.0,0.0212,277774000.0
300666,江丰电子,2023-09-25,62.41,62.01,62.41,60.83,4210800.0,0.0202,263488300.00000003
300666,江丰电子,2023-09-26,61.81,61.09,61.81,60.41,3134500.0,0.0151,194405400.0
300666,江丰电子,2023-09-27,60.66,60.87,62.3,60.66,2362100.0,0.011399999999999999,147182700.0
300666,江丰电子,2023-09-28,60.88,61.2,62.49,60.01,3744000.0,0.018000000000000002,232498800.0
300666,江丰电子,2023-10-09,61.21,61.76,63.1,61.21,3828600.0,0.0184,240863100.0
300666,江丰电子,2023-10-10,61.71,61.96,62.71,61.6,2655300.0,0.0128,167240000.0
300666,江丰电子,2023-10-11,62.61,62.63,62.91,61.41,3591900.0,0.0173,226981300.0
300666,江丰电子,2023-10-12,62.63,63.99,63.99,61.73,4877300.0,0.0235,311148500.0
300666,江丰电子,2023-10-13,63.99,65.74,66.58,63.34,6600100.0,0.0317,438416600.00000006
300666,江丰电子,2023-10-16,65.32,62.53,65.67,61.91,4961000.0,0.0239,317791200.0
300666,江丰电子,2023-10-17,62.53,64.2,64.96,62.0,4046400.0,0.0195,261335000.0
300666,江丰电子,2023-10-18,63.52,62.8,65.22,62.8,4237500.0,0.0204,275612400.0
300666,江丰电子,2023-10-19,61.91,62.09,64.5,61.71,3827700.0,0.0184,244571800.0
300666,江丰电子,2023-10-20,61.72,59.77,62.48,59.14,4070900.0,0.0196,249059400.0
300666,江丰电子,2023-10-23,58.85,57.57,58.85,55.41,4623100.0,0.0222,267342800.0
300666,江丰电子,2023-10-24,57.73,59.7,60.27,56.81,4557900.0,0.0219,271990200.0
300666,江丰电子,2023-10-25,59.74,58.8,60.34,58.03,3598500.0,0.0173,214598100.0
300666,江丰电子,2023-10-26,58.55,57.91,58.71,57.11,2803400.0,0.013500000000000002,164472900.0
300666,江丰电子,2023-10-27,57.81,59.63,60.21,57.11,4325700.0,0.0208,257622700.0
300666,江丰电子,2023-10-30,59.11,61.85,62.29,58.82,4865100.0,0.023399999999999997,301783300.0
300666,江丰电子,2023-10-31,61.92,61.11,62.61,60.55,3001200.0,0.0144,186384400.0
300666,江丰电子,2023-11-01,60.8,60.92,61.81,60.63,2077800.0,0.01,128877500.0
300666,江丰电子,2023-11-02,61.37,59.32,61.99,59.31,2814900.0,0.013500000000000002,172023900.0
300666,江丰电子,2023-11-03,59.34,61.71,62.39,59.17,5214600.0,0.025099999999999997,322374400.0
300666,江丰电子,2023-11-06,62.61,63.34,63.79,62.11,4669900.0,0.0225,298726800.0
300666,江丰电子,2023-11-07,62.96,63.07,64.26,62.74,3002600.0,0.0144,192589700.0
300666,江丰电子,2023-11-08,63.16,63.98,64.99,62.56,4540200.0,0.0218,294011000.0
300666,江丰电子,2023-11-09,64.61,64.06,65.77,63.99,4834200.0,0.0232,317608700.0
300666,江丰电子,2023-11-10,64.11,63.02,65.12,62.86,3754000.0,0.0181,242837500.0
300666,江丰电子,2023-11-13,63.55,63.32,64.44,62.91,2278900.0,0.011000000000000001,146299600.0
300666,江丰电子,2023-11-14,63.11,63.44,64.23,62.91,3082300.0,0.0148,198610700.0
300666,江丰电子,2023-11-15,64.12,62.58,64.21,62.46,3740200.0,0.018000000000000002,239047300.0
300666,江丰电子,2023-11-16,62.38,61.53,62.99,61.5,3011800.0,0.014499999999999999,189126500.0
300666,江丰电子,2023-11-17,61.51,62.51,63.26,61.51,2768800.0,0.013300000000000001,175334400.0
300666,江丰电子,2023-11-20,62.91,63.14,64.48,62.53,3686300.0,0.0177,236781500.0
300666,江丰电子,2023-11-21,63.1,62.11,63.47,62.01,2595700.0,0.0125,165242599.99999997
300666,江丰电子,2023-11-22,62.08,61.27,62.36,61.08,1887800.0,0.0091,117975300.0
300666,江丰电子,2023-11-23,61.06,61.59,61.74,60.43,1773400.0,0.0085,110048000.0
300666,江丰电子,2023-11-24,61.6,59.91,61.6,59.77,2053000.0,0.009899999999999999,125560400.00000001
300666,江丰电子,2023-11-27,59.81,61.22,61.57,59.36,2969700.0,0.0143,182873200.0
300666,江丰电子,2023-11-28,61.12,61.06,61.59,60.57,1464100.0,0.006999999999999999,90618300.0
300666,江丰电子,2023-11-29,61.06,60.66,61.69,60.59,1394700.0,0.0067,86443900.0
300666,江丰电子,2023-11-30,60.71,59.3,60.71,58.93,1889700.0,0.0091,114281000.0
300666,江丰电子,2023-12-01,59.3,60.19,60.39,59.05,1640300.0,0.0079,99472000.0
300666,江丰电子,2023-12-04,60.34,59.86,60.79,59.81,1332500.0,0.0064,81375500.0
300666,江丰电子,2023-12-05,59.65,58.58,59.67,58.56,1390000.0,0.0067,83368400.0
300666,江丰电子,2023-12-06,58.55,58.7,59.15,58.49,1168400.0,0.005600000000000001,69669500.0
300666,江丰电子,2023-12-07,58.51,58.31,59.01,57.91,1191300.0,0.005699999999999999,70561500.0
300666,江丰电子,2023-12-08,58.29,57.81,58.99,57.33,2792500.0,0.0134,164584800.0
300666,江丰电子,2023-12-11,57.46,59.1,59.31,56.9,2386900.0,0.0115,140782700.0
300666,江丰电子,2023-12-12,59.11,59.16,59.41,58.68,1642700.0,0.0079,98554900.0
300666,江丰电子,2023-12-13,59.1,58.87,60.14,58.79,1953300.0,0.009399999999999999,117929700.0
300666,江丰电子,2023-12-14,58.99,58.36,59.5,58.36,1266700.0,0.0060999999999999995,75642300.0
300666,江丰电子,2023-12-15,58.39,57.85,58.76,57.6,1250200.0,0.006,73793200.0
300666,江丰电子,2023-12-18,57.89,55.95,57.89,55.41,2249900.0,0.0108,129076200.00000001
300666,江丰电子,2023-12-19,56.1,56.18,56.99,55.61,1313200.0,0.0063,74902800.0
300666,江丰电子,2023-12-20,56.5,55.77,56.5,55.67,1249000.0,0.006,70977000.0
300666,江丰电子,2023-12-21,55.8,55.37,56.29,54.95,1835100.0,0.0088,103427200.0
300666,江丰电子,2023-12-22,55.61,54.59,55.62,54.41,2014600.0,0.0097,112296900.0
300666,江丰电子,2023-12-25,54.67,54.71,55.37,54.11,951900.0,0.0046,52958500.0
300666,江丰电子,2023-12-26,54.71,53.74,54.91,53.31,1426900.0,0.0069,78040500.0
300666,江丰电子,2023-12-27,53.86,54.18,55.0,53.54,2105800.0,0.0101,116233000.0
300666,江丰电子,2023-12-28,54.32,55.68,55.87,53.81,2305800.0,0.0111,129414400.0
300666,江丰电子,2023-12-29,55.89,57.69,58.11,55.62,4269300.0,0.020499999999999997,248624000.0
300666,江丰电子,2024-01-02,57.92,57.29,58.35,57.09,2396500.0,0.0115,140488000.0
300666,江丰电子,2024-01-03,56.96,55.91,57.28,55.42,1935700.0,0.009300000000000001,110613400.0
300666,江丰电子,2024-01-04,55.92,55.03,56.2,54.58,1770800.0,0.0085,99161000.0
300666,江丰电子,2024-01-05,55.04,51.67,55.36,50.31,5237500.0,0.0252,279543100.0
300666,江丰电子,2024-01-08,51.61,49.33,51.61,49.19,3397900.0,0.0163,173637100.0
300666,江丰电子,2024-01-09,49.99,49.61,50.9,49.11,2886600.0,0.0139,146922900.0
300666,江丰电子,2024-01-10,49.57,49.29,50.3,48.06,1991300.0,0.0096,99954500.0
300666,江丰电子,2024-01-11,49.24,50.45,51.0,49.18,2141800.0,0.0103,109361100.0
300666,江丰电子,2024-01-12,50.26,50.23,50.78,50.03,1266400.0,0.0060999999999999995,64860100.0
300666,江丰电子,2024-01-15,50.01,49.8,50.91,49.45,1585000.0,0.0076,80820600.0
300666,江丰电子,2024-01-16,49.79,49.14,49.9,48.6,1779900.0,0.0086,89074400.0
300666,江丰电子,2024-01-17,49.17,46.88,49.23,46.88,2351700.0,0.0113,114634599.99999999
300666,江丰电子,2024-01-18,46.9,47.61,47.64,45.58,3329300.0,0.016,157447800.0
300666,江丰电子,2024-01-19,47.61,47.03,48.34,47.0,1690200.0,0.008100000000000001,81756300.0
300666,江丰电子,2024-01-22,47.09,44.11,47.41,43.62,2840400.0,0.0137,131453900.0
300666,江丰电子,2024-01-23,44.12,45.17,45.4,43.69,2990700.0,0.0144,136578900.0
300666,江丰电子,2024-01-24,45.44,44.78,45.5,43.16,3020800.0,0.014499999999999999,136220400.0
300666,江丰电子,2024-01-25,44.77,46.21,46.29,44.01,2593100.0,0.0125,120417000.0
300666,江丰电子,2024-01-26,46.05,44.06,46.05,43.79,4114000.0,0.019799999999999998,187549300.0
300666,江丰电子,2024-01-29,44.06,42.95,44.76,42.62,2784500.0,0.0134,123207300.0
300666,江丰电子,2024-01-30,42.95,40.54,42.95,40.41,5095600.0,0.0245,215005000.0
300666,江丰电子,2024-01-31,40.34,38.49,40.73,38.47,3820900.0,0.0184,154229200.0
300666,江丰电子,2024-02-01,38.83,38.65,39.72,38.05,4122600.0,0.019799999999999998,163747700.0
300666,江丰电子,2024-02-02,38.65,36.97,39.09,35.7,5354000.0,0.025699999999999997,204696300.0
300666,江丰电子,2024-02-05,36.69,34.11,36.92,32.55,7321600.0,0.0352,258671600.0
300666,江丰电子,2024-02-06,33.88,37.06,37.07,33.71,6939500.0,0.0334,254003600.0
300666,江丰电子,2024-02-07,37.11,40.37,40.88,37.11,7399700.0,0.0356,301524800.0
300666,江丰电子,2024-02-08,41.11,41.78,43.22,40.55,6567000.0,0.0316,283594800.0
300666,江丰电子,2024-02-19,42.71,42.01,42.86,41.11,5111000.0,0.0246,218437599.99999997
300666,江丰电子,2024-02-20,41.42,41.57,41.89,40.95,3851100.0,0.018500000000000003,162720800.0
300666,江丰电子,2024-02-21,41.31,42.14,43.7,41.02,5071900.0,0.024399999999999998,220086100.0
300666,江丰电子,2024-02-22,42.02,43.61,43.98,42.02,5459300.0,0.0263,240934300.0
300666,江丰电子,2024-02-23,44.03,44.15,44.44,43.01,4934700.0,0.023700000000000002,219872700.0
300666,江丰电子,2024-02-26,44.16,45.04,45.77,43.88,5145600.0,0.024700000000000003,234903600.0
300666,江丰电子,2024-02-27,44.55,46.48,46.48,44.54,5721600.0,0.0275,265744400.0
300666,江丰电子,2024-02-28,46.47,43.41,47.47,43.41,7248000.0,0.0349,337563600.0
300666,江丰电子,2024-02-29,43.15,46.18,46.5,43.15,7407100.0,0.0356,344441400.0
300666,江丰电子,2024-03-01,46.31,47.69,47.99,45.96,7459400.0,0.0359,358960899.99999994
300666,江丰电子,2024-03-04,47.46,47.66,47.85,46.39,6264100.0,0.0301,301861700.0
300666,江丰电子,2024-03-05,47.09,46.62,47.52,46.22,4399300.0,0.0212,209667599.99999997
300666,江丰电子,2024-03-06,46.36,45.92,46.75,45.21,3642500.0,0.0175,170611300.0
300666,江丰电子,2024-03-07,46.61,45.48,47.41,45.48,4105100.0,0.0197,194474700.0
300666,江丰电子,2024-03-08,45.28,46.25,46.41,45.14,3416900.0,0.016399999999999998,159727200.0
300666,江丰电子,2024-03-11,45.77,47.6,47.61,45.48,5193100.0,0.025,247815400.0
300666,江丰电子,2024-03-12,47.44,49.11,50.91,47.21,7679300.0,0.0369,386637900.0
300666,江丰电子,2024-03-13,49.05,48.52,49.6,48.43,4568700.0,0.0219,227562100.0
300666,江丰电子,2024-03-14,48.23,47.64,48.71,47.14,3672800.0,0.0176,179067100.0
300666,江丰电子,2024-03-15,48.01,47.99,48.08,47.02,3068300.0,0.0147,148765600.0
300666,江丰电子,2024-03-18,48.0,48.87,48.96,47.71,3736700.0,0.0179,184349600.0
300666,江丰电子,2024-03-19,48.83,48.53,49.18,48.31,3346900.0,0.0161,166370099.99999997
300666,江丰电子,2024-03-20,48.56,48.92,49.18,48.13,3323000.0,0.0159,164758700.0
300666,江丰电子,2024-03-21,48.9,48.58,49.77,48.53,3585000.0,0.0172,179156600.0
300666,江丰电子,2024-03-22,48.53,48.41,49.31,48.06,3768800.0,0.0181,187056800.0
300666,江丰电子,2024-03-25,48.16,46.22,48.36,46.11,4378500.0,0.021,211024800.0
300666,江丰电子,2024-03-26,46.32,45.73,47.21,45.27,3437200.0,0.0165,161505600.0
300666,江丰电子,2024-03-27,45.71,43.47,46.24,43.43,4299800.0,0.0206,194595300.0
300666,江丰电子,2024-03-28,43.46,43.71,44.58,43.12,3895400.0,0.0187,174111900.0
300666,江丰电子,2024-03-29,43.71,43.73,43.89,42.4,3652600.0,0.0175,160596800.0
300666,江丰电子,2024-04-01,43.99,44.63,44.99,43.99,2935800.0,0.0141,133373500.0
300666,江丰电子,2024-04-02,44.46,43.89,44.52,43.26,2468800.0,0.0118,110337500.0
300666,江丰电子,2024-04-03,44.26,43.09,44.36,43.01,2564100.0,0.0123,113753300.0
300666,江丰电子,2024-04-08,43.05,41.6,43.07,41.52,2635900.0,0.0126,113889100.0
300666,江丰电子,2024-04-09,41.64,42.81,42.87,41.64,2471100.0,0.011899999999999999,106838300.0
300666,江丰电子,2024-04-10,43.13,41.41,43.24,41.12,2482500.0,0.011899999999999999,105983300.0
300666,江丰电子,2024-04-11,41.29,41.38,42.06,41.13,2112400.0,0.0101,89777000.0
300666,江丰电子,2024-04-12,44.1,42.54,46.06,42.53,8599100.0,0.0412,387665199.99999994
300666,江丰电子,2024-04-15,42.11,42.8,43.91,41.77,5790400.0,0.0278,253232700.0
300666,江丰电子,2024-04-16,41.93,40.49,42.36,40.49,5160100.0,0.024700000000000003,217756500.0
300666,江丰电子,2024-04-17,40.71,41.79,41.99,40.71,4573900.0,0.0219,193981200.0
300666,江丰电子,2024-04-18,41.22,41.9,42.6,40.61,4884100.0,0.023399999999999997,208415600.0
300666,江丰电子,2024-04-19,41.16,40.31,41.61,40.01,3721200.0,0.0178,154716800.0
300666,江丰电子,2024-04-22,39.98,40.61,41.1,39.37,2746500.0,0.0132,113434200.0
300666,江丰电子,2024-04-23,40.77,40.47,41.39,39.97,2384000.0,0.011399999999999999,98849000.0
300666,江丰电子,2024-04-24,40.62,40.85,40.96,40.22,2610300.0,0.0125,108442900.00000001
300666,江丰电子,2024-04-25,42.06,45.69,47.26,42.0,13356800.0,0.064,608475400.0
300666,江丰电子,2024-04-26,45.28,46.18,46.46,44.92,8961500.0,0.043,419375700.0
300666,江丰电子,2024-04-29,45.82,47.91,48.11,45.82,8949500.0,0.0429,430053399.99999994
300666,江丰电子,2024-04-30,47.89,47.16,47.89,47.11,4336200.0,0.0208,209360700.0
300666,江丰电子,2024-05-06,47.92,47.76,48.1,47.25,4689800.0,0.0225,227848600.0
300666,江丰电子,2024-05-07,47.44,46.64,47.79,46.34,5829200.0,0.027999999999999997,278787800.0
300666,江丰电子,2024-05-08,46.47,45.7,46.6,45.59,3495900.0,0.0168,163652500.0
300666,江丰电子,2024-05-09,45.55,47.3,47.61,45.55,6318500.0,0.030299999999999997,302828600.0
300666,江丰电子,2024-05-10,47.25,46.28,47.31,46.06,4235700.0,0.0202,200609900.00000003
300666,江丰电子,2024-05-13,45.56,45.05,46.08,44.91,3900100.0,0.018600000000000002,180304400.0
300666,江丰电子,2024-05-14,45.25,45.38,45.86,44.97,2913800.0,0.0139,134704200.0
300666,江丰电子,2024-05-15,45.26,44.98,46.17,44.91,3522100.0,0.0168,163695500.0
300666,江丰电子,2024-05-16,45.11,44.81,45.43,44.47,3588000.0,0.0171,164285800.00000003
300666,江丰电子,2024-05-17,44.84,45.84,45.86,44.72,4703600.0,0.0225,217432700.0
300666,江丰电子,2024-05-20,45.57,45.4,46.07,44.91,4748000.0,0.0227,219904900.00000003
300666,江丰电子,2024-05-21,45.4,46.26,46.74,44.71,5886500.0,0.0281,275148500.0
300666,江丰电子,2024-05-22,46.37,45.71,46.39,45.11,5431600.0,0.0259,252344400.0
300666,江丰电子,2024-05-23,45.72,44.01,45.72,43.91,5820300.0,0.0278,264079600.0
300666,江丰电子,2024-05-24,43.91,43.82,44.59,43.77,3042300.0,0.014499999999999999,136920700.0
300666,江丰电子,2024-05-27,43.53,45.35,45.41,42.47,6711700.0,0.0321,300446500.0
300666,江丰电子,2024-05-28,45.28,44.78,46.61,44.77,7349800.0,0.0351,342234400.0
300666,江丰电子,2024-05-29,44.52,44.73,45.58,44.36,3944800.0,0.018799999999999997,181077800.0
300666,江丰电子,2024-05-30,44.32,45.87,46.13,44.11,5746700.0,0.0274,266189300.0
300666,江丰电子,2024-05-31,45.61,45.71,46.23,45.49,4475800.0,0.021400000000000002,209128300.00000003
300666,江丰电子,2024-06-03,45.29,46.35,47.06,45.29,6620700.0,0.0316,312662800.0
300666,江丰电子,2024-06-04,45.93,45.56,46.19,44.79,5208400.0,0.024900000000000002,240487900.0
300666,江丰电子,2024-06-05,45.22,46.46,47.08,45.15,7655500.0,0.0366,362823600.0
300666,江丰电子,2024-06-06,46.93,48.97,49.31,46.85,16919800.0,0.0808,827648800.0
300666,江丰电子,2024-06-07,49.81,48.17,50.1,47.89,12273600.0,0.058600000000000006,607727000.0
300666,江丰电子,2024-06-11,48.01,51.72,52.57,47.83,16964900.0,0.081,867892000.0
300666,江丰电子,2024-06-12,51.16,51.69,51.76,50.23,11972600.0,0.0572,616949000.0
300666,江丰电子,2024-06-13,51.51,49.92,53.61,49.82,14642100.0,0.0699,767515600.0
300666,江丰电子,2024-06-14,49.51,49.26,49.96,48.81,9151300.0,0.0437,456498000.0
300666,江丰电子,2024-06-17,48.99,50.73,50.81,48.97,10760200.0,0.051399999999999994,547682700.0
300666,江丰电子,2024-06-18,50.11,50.25,51.03,50.01,8191900.0,0.0391,419083900.0
300666,江丰电子,2024-06-19,50.46,51.2,51.67,49.87,9628400.0,0.046,496543600.0
300666,江丰电子,2024-06-20,50.62,51.01,52.8,50.61,10704100.0,0.051100000000000007,561916800.0
300666,江丰电子,2024-06-21,50.11,50.0,50.34,48.63,6905600.0,0.033,347648500.0
300666,江丰电子,2024-06-24,49.08,48.88,50.97,48.61,7130200.0,0.0341,360963100.0
300666,江丰电子,2024-06-25,49.02,46.76,49.19,46.26,7881100.0,0.037599999999999995,378361900.0
300666,江丰电子,2024-06-26,46.76,47.88,47.97,45.91,4993900.0,0.0239,238586100.0
300666,江丰电子,2024-06-27,47.36,46.34,48.0,46.31,4808200.0,0.023,229416000.0
300666,江丰电子,2024-06-28,46.34,46.87,47.9,46.26,5622300.0,0.0269,269316500.0
300666,江丰电子,2024-07-01,47.3,46.09,47.3,45.11,5607400.0,0.0268,261840200.0
300666,江丰电子,2024-07-02,46.01,45.54,46.21,45.35,3677200.0,0.0176,170374000.0
300666,江丰电子,2024-07-03,45.43,45.83,46.5,44.53,5001400.0,0.0239,231292500.0
300666,江丰电子,2024-07-04,45.93,46.85,47.86,45.59,8189000.0,0.0391,389781500.0
300666,江丰电子,2024-07-05,46.63,46.11,46.63,45.06,6132100.0,0.029300000000000003,285141000.0
300666,江丰电子,2024-07-08,45.91,47.02,49.7,45.91,10223200.0,0.048799999999999996,496355100.0
300666,江丰电子,2024-07-09,46.63,49.2,49.2,46.62,12014100.0,0.0574,586450100.0
300666,江丰电子,2024-07-10,48.73,49.72,49.96,48.5,9773700.0,0.0467,489097300.00000006
300666,江丰电子,2024-07-11,50.91,49.74,50.95,49.11,8016200.0,0.0383,405229300.0
300666,江丰电子,2024-07-12,49.31,51.21,51.61,49.19,8191900.0,0.0391,419663800.0
300666,江丰电子,2024-07-15,50.81,50.39,51.67,49.68,6968000.0,0.0333,356661800.0
300666,江丰电子,2024-07-16,49.91,51.03,51.04,49.12,7549900.0,0.0361,383821300.0
300666,江丰电子,2024-07-17,53.17,52.26,54.61,52.21,18499200.0,0.08839999999999999,998395100.0
300666,江丰电子,2024-07-18,51.4,53.95,54.5,51.03,15619000.0,0.0746,832739400.0
300666,江丰电子,2024-07-19,53.51,54.44,55.1,53.23,12922600.0,0.0617,710784900.0
300666,江丰电子,2024-07-22,54.46,54.13,55.21,53.61,8306300.0,0.0397,457164600.0
300666,江丰电子,2024-07-23,53.61,51.61,53.84,51.57,7765700.0,0.0371,413620700.0
300666,江丰电子,2024-07-24,51.31,50.47,52.11,50.06,6086200.0,0.0291,315065600.0
300666,江丰电子,2024-07-25,50.06,49.93,50.58,49.63,4468000.0,0.0213,226648700.0
300666,江丰电子,2024-07-26,49.81,50.19,50.61,49.19,5000900.0,0.0239,253415200.0
300666,江丰电子,2024-07-29,49.89,49.55,50.84,48.88,5981200.0,0.0286,301161600.0
300666,江丰电子,2024-07-30,49.19,49.83,50.09,48.79,4566000.0,0.0218,229401200.0
300666,江丰电子,2024-07-31,49.73,51.94,51.99,49.6,8304700.0,0.0397,429516700.0
300666,江丰电子,2024-08-01,51.91,53.48,54.11,51.72,9140500.0,0.0437,491315600.0
300666,江丰电子,2024-08-02,52.81,52.31,54.09,52.11,5846100.0,0.0279,313709500.0
300666,江丰电子,2024-08-05,52.02,49.17,52.65,49.17,6118400.0,0.0292,314407100.0
300666,江丰电子,2024-08-06,50.11,49.77,50.31,49.11,4227000.0,0.0192,212551100.0
300666,江丰电子,2024-08-07,49.67,49.53,49.89,49.14,2879300.0,0.0131,144585800.0
300666,江丰电子,2024-08-08,49.29,50.41,51.3,49.06,5623600.0,0.0255,287838400.0
300666,江丰电子,2024-08-09,51.42,49.41,51.9,49.31,5052800.0,0.0229,259825600.0
300666,江丰电子,2024-08-12,48.31,48.45,49.47,48.14,3406800.0,0.0154,168283100.0
300666,江丰电子,2024-08-13,48.37,49.31,49.49,48.37,2596200.0,0.0118,128954599.99999999
300666,江丰电子,2024-08-14,49.61,49.09,49.69,49.09,2138700.0,0.0097,106952400.0
300666,江丰电子,2024-08-15,48.96,50.12,50.81,48.81,3494500.0,0.0158,176992100.0
300666,江丰电子,2024-08-16,50.1,49.17,50.36,49.08,2949800.0,0.0134,148787700.0
300666,江丰电子,2024-08-19,48.85,48.88,49.6,48.73,1983200.0,0.009000000000000001,98844400.0
300666,江丰电子,2024-08-20,49.12,47.89,49.31,47.51,3194200.0,0.014499999999999999,156154700.0
300666,江丰电子,2024-08-21,47.9,47.81,48.47,47.65,2272800.0,0.0103,110752500.0
300666,江丰电子,2024-08-22,47.97,47.16,48.26,46.96,2480900.0,0.0113,119787300.0
300666,江丰电子,2024-08-23,47.11,47.09,47.52,46.41,2570400.0,0.011699999999999999,122469700.0
300666,江丰电子,2024-08-26,47.21,47.33,48.01,47.11,1841900.0,0.0084,88653300.0
300666,江丰电子,2024-08-27,47.35,46.63,47.43,46.58,1924200.0,0.0087,91618200.0
300666,江丰电子,2024-08-28,46.51,47.36,47.46,46.45,1821000.0,0.0083,87086900.0
300666,江丰电子,2024-08-29,46.71,48.53,48.7,46.71,3081500.0,0.013999999999999999,150590900.0
300666,江丰电子,2024-08-30,48.39,50.01,50.45,48.39,4270100.0,0.0194,215339900.00000003
300666,江丰电子,2024-09-02,49.85,48.34,50.11,48.31,3074100.0,0.0139,153674800.0
300666,江丰电子,2024-09-03,48.4,48.91,49.26,48.4,2249300.0,0.0102,111420300.0
300666,江丰电子,2024-09-04,48.35,49.0,49.19,48.16,1903000.0,0.0086,94128200.0
300666,江丰电子,2024-09-05,49.11,48.99,49.55,48.7,1670200.0,0.0076,83167700.0
300666,江丰电子,2024-09-06,49.11,47.37,49.24,47.34,2591400.0,0.0118,126336900.0
300666,江丰电子,2024-09-09,47.31,48.11,48.15,47.11,2117900.0,0.0096,102718400.0
300666,江丰电子,2024-09-10,48.19,49.43,49.76,47.71,3230800.0,0.0147,159514100.0
300666,江丰电子,2024-09-11,49.21,49.46,49.56,49.07,1882000.0,0.0085,94151900.0
300666,江丰电子,2024-09-12,49.64,48.48,49.93,48.45,2272200.0,0.0103,113120000.0
300666,江丰电子,2024-09-13,48.21,48.36,49.11,48.21,2119100.0,0.0096,104531000.0
300666,江丰电子,2024-09-18,48.42,48.1,49.25,47.88,2134500.0,0.0097,104751500.0
300666,江丰电子,2024-09-19,48.51,44.65,48.56,44.21,10241600.0,0.0464,471208800.0
300666,江丰电子,2024-09-20,44.61,43.23,44.61,42.97,7928900.0,0.036000000000000004,348987900.0
300666,江丰电子,2024-09-23,43.81,43.31,44.47,43.31,4206700.0,0.0191,187380600.0
300666,江丰电子,2024-09-24,43.59,44.78,44.79,42.66,6101900.0,0.0277,271836800.0
300666,江丰电子,2024-09-25,44.83,44.82,45.89,44.55,6353000.0,0.0288,291766500.0
300666,江丰电子,2024-09-26,44.81,46.59,46.59,44.56,5322900.0,0.0241,246565900.0
300666,江丰电子,2024-09-27,47.01,50.49,51.31,47.01,9457000.0,0.0429,472586000.0
300666,江丰电子,2024-09-30,53.23,59.09,59.81,51.97,16348500.0,0.0741,924961799.9999999
300666,江丰电子,2024-10-08,71.05,71.05,71.05,66.04,20993100.0,0.09519999999999999,1491298800.0
300666,江丰电子,2024-10-09,70.31,68.91,74.31,67.31,28579300.0,0.12960000000000002,2058010799.9999998
300666,江丰电子,2024-10-10,68.81,63.81,70.29,63.41,16775100.0,0.0761,1115531200.0
300666,江丰电子,2024-10-11,62.84,58.97,64.81,57.9,13518200.0,0.0613,824685300.0
300666,江丰电子,2024-10-14,59.33,61.57,61.58,57.09,12980000.0,0.058899999999999994,782394800.0
300666,江丰电子,2024-10-15,61.25,60.91,63.56,60.38,10092600.0,0.0458,632815900.0
300666,江丰电子,2024-10-16,59.24,60.12,61.44,58.84,6912800.0,0.0313,421827000.0
300666,江丰电子,2024-10-17,61.09,59.4,61.34,59.37,7304400.0,0.0331,447201600.00000006
300666,江丰电子,2024-10-18,60.09,65.06,67.46,59.52,18773800.0,0.0851,1199998400.0
300666,江丰电子,2024-10-21,65.76,66.7,69.89,65.76,19769000.0,0.0897,1348386300.0
300666,江丰电子,2024-10-22,64.31,63.99,65.87,63.16,16117100.0,0.0731,1045528000.0
300666,江丰电子,2024-10-23,63.31,64.55,65.41,63.11,10256400.0,0.04650000000000001,667988600.0
300666,江丰电子,2024-10-24,64.96,68.61,71.11,64.96,24009300.0,0.10890000000000001,1645102100.0
300666,江丰电子,2024-10-25,67.96,68.16,68.91,66.31,15250900.0,0.0692,1041604000.0
300666,江丰电子,2024-10-28,67.31,66.8,67.79,65.74,10030000.0,0.0455,674499600.0000001
300666,江丰电子,2024-10-29,66.8,65.41,68.42,65.32,11995300.0,0.054400000000000004,810245300.0
300666,江丰电子,2024-10-30,65.01,64.57,65.91,63.67,8836500.0,0.0401,578079400.0
300666,江丰电子,2024-10-31,64.57,66.94,67.31,64.23,11952200.0,0.0542,797793300.0
300666,江丰电子,2024-11-01,66.31,63.5,66.78,63.5,11097000.0,0.050300000000000004,729956900.0
300666,江丰电子,2024-11-04,63.11,66.31,67.09,62.86,8921900.0,0.0405,590136300.0
300666,江丰电子,2024-11-05,67.57,69.56,72.05,66.89,18082500.0,0.08199999999999999,1278595200.0
300666,江丰电子,2024-11-06,69.42,68.73,70.96,68.01,14182400.0,0.0643,990177400.0
300666,江丰电子,2024-11-07,68.77,70.0,71.43,68.75,11715300.0,0.053099999999999994,828371600.0
300666,江丰电子,2024-11-08,71.31,74.51,75.91,70.01,22490000.0,0.102,1664559900.0
300666,江丰电子,2024-11-11,76.31,86.53,88.3,76.31,29742100.0,0.1349,2523478000.0
300666,江丰电子,2024-11-12,83.31,80.63,83.31,79.5,21208400.0,0.0962,1743487800.0
300666,江丰电子,2024-11-13,80.14,81.66,82.23,78.91,13670600.0,0.062,1113448800.0
300666,江丰电子,2024-11-14,80.89,76.92,80.9,76.78,11751300.0,0.0533,931094900.0
300666,江丰电子,2024-11-15,76.67,74.32,78.11,73.82,12792100.0,0.057999999999999996,977919700.0
300666,江丰电子,2024-11-18,73.81,72.75,74.75,70.79,9704600.0,0.044000000000000004,710576100.0
300666,江丰电子,2024-11-19,73.53,73.53,74.54,70.37,11010500.0,0.0499,807693700.0
300666,江丰电子,2024-11-20,73.31,73.66,74.31,72.16,10179500.0,0.0462,752047300.0
300666,江丰电子,2024-11-21,73.31,75.05,76.11,72.81,11740700.0,0.053200000000000004,885001100.0
300666,江丰电子,2024-11-22,75.09,70.21,77.08,69.86,12501300.0,0.0567,924256799.9999999
300666,江丰电子,2024-11-25,69.5,72.11,72.11,68.17,9778700.0,0.0443,692269400.0
300666,江丰电子,2024-11-26,71.77,70.66,72.45,70.46,4622400.0,0.021,332923200.0
300666,江丰电子,2024-11-27,70.6,72.31,72.31,68.19,7485800.0,0.0339,532396800.0
300666,江丰电子,2024-11-28,72.18,71.26,73.15,70.81,6331400.0,0.0287,459720800.0
300666,江丰电子,2024-11-29,71.4,74.77,75.35,70.83,10857500.0,0.0492,804997500.0
300666,江丰电子,2024-12-02,74.31,76.07,76.47,73.49,11137900.0,0.050499999999999996,839106700.0
300666,江丰电子,2024-12-03,76.81,75.51,81.11,74.57,15623900.0,0.0709,1232648500.0
300666,江丰电子,2024-12-04,77.12,73.81,78.89,73.8,10184700.0,0.0462,787409000.0
300666,江丰电子,2024-12-05,72.41,73.5,74.55,72.33,6582000.0,0.0298,488473800.0
300666,江丰电子,2024-12-06,73.87,75.59,76.28,72.06,8807300.0,0.039900000000000005,661387400.0
300666,江丰电子,2024-12-09,75.07,72.89,75.5,72.24,7223600.0,0.032799999999999996,536003200.0
300666,江丰电子,2024-12-10,75.76,74.26,76.8,73.91,8926000.0,0.0405,678905300.0
300666,江丰电子,2024-12-11,74.11,74.43,77.57,73.72,7940300.0,0.036000000000000004,605508700.0
300666,江丰电子,2024-12-12,74.41,74.89,75.57,73.65,5835200.0,0.0265,438972300.00000006
300666,江丰电子,2024-12-13,74.47,73.11,74.61,73.11,5787700.0,0.0262,430288300.0
300666,江丰电子,2024-12-16,73.41,70.96,73.6,70.31,6464000.0,0.029300000000000003,467733900.0
300666,江丰电子,2024-12-17,70.96,70.33,71.99,70.13,4254300.0,0.019299999999999998,304950600.0
300666,江丰电子,2024-12-18,70.76,71.79,72.25,69.97,5893800.0,0.026699999999999998,424588700.0
300666,江丰电子,2024-12-19,70.86,72.33,72.76,70.41,5015700.0,0.0227,363062000.0
300666,江丰电子,2024-12-20,72.11,74.32,75.81,72.03,9147900.0,0.0415,682084400.0
300666,江丰电子,2024-12-23,75.86,72.81,76.06,72.59,6925200.0,0.031400000000000004,516755100.0
300666,江丰电子,2024-12-24,73.32,73.66,73.86,71.02,5845700.0,0.0265,429043500.0
300666,江丰电子,2024-12-25,73.51,71.86,74.03,71.27,5175400.0,0.0235,378090500.0
300666,江丰电子,2024-12-26,71.54,73.16,73.63,71.32,5077800.0,0.023,373944500.0
300666,江丰电子,2024-12-27,72.91,72.31,74.6,72.02,6655800.0,0.0302,493301400.0
300666,江丰电子,2024-12-30,71.73,72.06,73.11,70.83,4292900.0,0.0195,312250000.0
300666,江丰电子,2024-12-31,72.59,68.76,72.61,68.76,5993600.0,0.027200000000000002,424452699.99999994
300666,江丰电子,2025-01-02,66.57,64.66,67.56,64.13,7653800.0,0.0347,510838399.99999994
300666,江丰电子,2025-01-03,65.13,63.08,65.74,62.91,6053300.0,0.0275,394058900.0
300666,江丰电子,2025-01-06,63.07,63.21,64.43,62.61,4111100.0,0.018600000000000002,263932200.0
300666,江丰电子,2025-01-07,63.26,65.82,66.11,63.26,5736900.0,0.026000000000000002,377285600.0
300666,江丰电子,2025-01-08,65.31,65.25,66.47,63.32,6031300.0,0.0274,396766800.0
300666,江丰电子,2025-01-09,65.22,65.53,66.86,64.91,4233100.0,0.0192,282762800.0
300666,江丰电子,2025-01-10,66.01,66.0,68.61,65.33,7362900.0,0.0334,498933700.0
300666,江丰电子,2025-01-13,65.44,66.36,67.41,65.12,4140500.0,0.018799999999999997,276919100.0
300666,江丰电子,2025-01-14,66.74,68.76,69.01,65.82,6792700.0,0.0308,467079000.0
300666,江丰电子,2025-01-15,68.3,68.44,68.74,67.55,3576700.0,0.016200000000000003,246294700.0
300666,江丰电子,2025-01-16,68.81,67.44,69.61,66.98,4915400.0,0.0223,338441700.0
300666,江丰电子,2025-01-17,67.1,68.95,69.28,66.77,6067300.0,0.0275,418294600.0
300666,江丰电子,2025-01-20,70.19,69.33,70.41,68.56,4674100.0,0.0212,328508300.0
300666,江丰电子,2025-01-21,69.91,71.61,71.81,69.65,6180600.0,0.027999999999999997,443318800.0
300666,江丰电子,2025-01-22,71.18,71.23,72.18,70.72,4773600.0,0.0216,344113100.0
300666,江丰电子,2025-01-23,71.72,69.97,72.91,69.97,5349200.0,0.024300000000000002,385936300.0
300666,江丰电子,2025-01-24,69.71,70.3,70.71,69.34,4017600.0,0.0182,284543400.0
300666,江丰电子,2025-01-27,70.32,69.6,70.77,69.31,3983300.0,0.0181,281579200.0
300666,江丰电子,2025-02-05,70.79,69.84,71.2,69.75,4250700.0,0.019299999999999998,301668000.0
300666,江丰电子,2025-02-06,69.56,71.59,72.31,69.11,5925000.0,0.0269,426099800.00000006
300666,江丰电子,2025-02-07,71.52,71.43,73.14,70.64,8032200.0,0.0364,583154500.0
300666,江丰电子,2025-02-10,71.43,70.57,71.6,69.61,7112700.0,0.0323,505871600.00000006
300666,江丰电子,2025-02-11,70.58,68.75,70.59,68.63,6060400.0,0.0275,422023399.99999994
300666,江丰电子,2025-02-12,68.76,71.02,71.02,68.76,6773200.0,0.030699999999999998,478407000.0
300666,江丰电子,2025-02-13,70.82,68.31,70.89,68.19,7130300.0,0.0323,497601500.0
300666,江丰电子,2025-02-14,68.0,67.47,68.31,67.11,5550500.0,0.0252,378567400.0
300666,江丰电子,2025-02-17,67.76,67.88,68.47,66.46,6980200.0,0.0317,475490199.99999994
300666,江丰电子,2025-02-18,67.81,68.88,71.59,67.41,13363500.0,0.060599999999999994,940067600.0
300666,江丰电子,2025-02-19,68.89,71.78,71.81,68.89,12254500.0,0.0556,879080600.0
300666,江丰电子,2025-02-20,71.68,71.27,71.71,70.43,7270400.0,0.033,522392500.0
300666,江丰电子,2025-02-21,71.08,73.86,74.06,71.06,11743000.0,0.0533,863208800.0
300666,江丰电子,2025-02-24,74.52,75.8,77.19,73.37,12429900.0,0.0564,948479900.0
300666,江丰电子,2025-02-25,74.63,74.96,77.08,73.79,8908300.0,0.0404,675691100.0
300666,江丰电子,2025-02-26,74.98,78.19,78.81,74.97,13828200.0,0.06269999999999999,1081710900.0
300666,江丰电子,2025-02-27,78.31,79.35,79.52,76.76,11962100.0,0.0542,943421200.0
300666,江丰电子,2025-02-28,78.41,73.95,79.11,73.52,10141800.0,0.046,776482000.0
300666,江丰电子,2025-03-03,74.49,73.61,75.81,72.58,6764300.0,0.030699999999999998,507684500.0
300666,江丰电子,2025-03-04,72.81,75.68,77.14,72.7,8891400.0,0.0403,678841900.0
300666,江丰电子,2025-03-05,75.42,75.12,76.42,74.16,5872100.0,0.026600000000000002,446073100.0
300666,江丰电子,2025-03-06,75.81,76.22,77.21,75.25,8519600.0,0.038599999999999995,655383700.0
300666,江丰电子,2025-03-07,75.69,74.49,76.04,73.91,6245900.0,0.028300000000000002,472324900.0
300666,江丰电子,2025-03-10,74.88,75.12,77.19,74.82,6168500.0,0.027999999999999997,472995000.0
300666,江丰电子,2025-03-11,74.11,74.76,75.89,73.8,4395000.0,0.0199,330838000.0
300666,江丰电子,2025-03-12,75.01,73.61,75.6,73.59,5176200.0,0.0235,387201800.0
300666,江丰电子,2025-03-13,73.75,71.38,73.75,70.81,6461800.0,0.029300000000000003,467748800.0
300666,江丰电子,2025-03-14,71.26,72.31,72.77,71.11,4644200.0,0.021099999999999997,338324300.0
300666,江丰电子,2025-03-17,72.41,72.19,73.03,71.79,3526700.0,0.016,257658400.0
300666,江丰电子,2025-03-18,72.41,72.46,73.71,72.31,3604200.0,0.0163,264876400.0
300666,江丰电子,2025-03-19,72.17,70.39,72.77,70.28,5567400.0,0.0252,399863600.0
300666,江丰电子,2025-03-20,70.41,70.21,70.78,69.96,3472200.0,0.015700000000000002,246399100.0
300666,江丰电子,2025-03-21,70.02,69.51,70.24,68.92,4271400.0,0.0194,299914900.0
300666,江丰电子,2025-03-24,69.53,70.43,71.31,68.85,5199900.0,0.0236,367697800.0
300666,江丰电子,2025-03-25,70.47,69.67,70.56,69.15,2980200.0,0.013500000000000002,209623400.0
300666,江丰电子,2025-03-26,69.6,69.2,70.09,69.2,2404700.0,0.0109,168873500.0
300666,江丰电子,2025-03-27,69.13,72.18,73.26,69.01,8410500.0,0.0381,607530200.0
300666,江丰电子,2025-03-28,73.86,72.45,76.07,72.11,11235000.0,0.051,840720600.0
300666,江丰电子,2025-03-31,72.39,74.26,75.19,71.83,9612900.0,0.0436,716385600.0
300666,江丰电子,2025-04-01,73.18,74.11,75.06,73.01,7652700.0,0.0347,572842300.0
300666,江丰电子,2025-04-02,74.12,73.32,75.54,72.93,5070100.0,0.023,376711600.00000006
300666,江丰电子,2025-04-03,72.36,72.77,74.11,70.6,7449400.0,0.0338,542712800.0
300666,江丰电子,2025-04-07,69.43,66.11,71.81,62.89,11013700.0,0.0499,755027000.0
300666,江丰电子,2025-04-08,67.31,66.59,69.54,65.11,7613900.0,0.0345,517669100.00000006
300666,江丰电子,2025-04-09,65.11,68.02,69.63,63.89,7979400.0,0.0362,545485800.0
300666,江丰电子,2025-04-10,69.98,69.64,71.59,68.82,7365400.0,0.0334,522758700.0
300666,江丰电子,2025-04-11,69.06,71.85,73.51,68.59,11619200.0,0.0527,840483600.0
300666,江丰电子,2025-04-14,73.46,72.3,73.51,71.19,7154600.0,0.032400000000000005,520259800.00000006
300666,江丰电子,2025-04-15,74.47,75.38,76.07,73.57,12418400.0,0.056299999999999996,939317500.0
300666,江丰电子,2025-04-16,73.32,70.96,73.91,70.19,10933100.0,0.0496,793601600.0
300666,江丰电子,2025-04-17,70.19,70.51,72.46,70.01,5178000.0,0.0235,373126700.0
300666,江丰电子,2025-04-18,70.81,69.1,71.11,68.93,5275500.0,0.0239,369925300.0
300666,江丰电子,2025-04-21,69.31,69.73,69.79,69.01,4748400.0,0.0215,332678800.0
300666,江丰电子,2025-04-22,69.35,69.56,70.29,68.84,5570400.0,0.0253,391641500.0
300666,江丰电子,2025-04-23,69.81,74.06,75.01,69.28,13173200.0,0.059699999999999996,963461799.9999999
300666,江丰电子,2025-04-24,73.31,72.49,73.41,71.61,9882200.0,0.044800000000000006,721016300.0
300666,江丰电子,2025-04-25,72.48,72.45,73.0,70.51,8278900.0,0.0375,601975000.0
300666,江丰电子,2025-04-28,72.03,72.73,73.59,71.96,6646700.0,0.0301,489679800.00000006
300666,江丰电子,2025-04-29,72.7,72.3,73.19,71.98,4983900.0,0.0226,364525199.99999994
300666,江丰电子,2025-04-30,72.55,73.71,74.09,71.95,7487600.0,0.034,555332900.0
300666,江丰电子,2025-05-06,74.0,76.96,77.08,73.98,12978300.0,0.058899999999999994,993544700.0
300666,江丰电子,2025-05-07,77.58,76.04,78.46,75.36,11305800.0,0.0513,876254800.0
300666,江丰电子,2025-05-08,75.83,77.16,79.31,75.67,12205500.0,0.0553,957621400.0
300666,江丰电子,2025-05-09,77.08,75.48,77.59,75.19,7794300.0,0.0353,598427800.0
300666,江丰电子,2025-05-12,76.21,75.6,76.49,74.96,7493300.0,0.034,571598300.0
300666,江丰电子,2025-05-13,76.31,74.27,76.36,74.19,6591800.0,0.029900000000000003,497794300.0
300666,江丰电子,2025-05-14,74.47,74.36,75.29,74.11,5405200.0,0.0245,407251200.0
300666,江丰电子,2025-05-15,74.18,74.09,75.57,73.82,5741800.0,0.026000000000000002,431478800.0
300666,江丰电子,2025-05-16,73.89,75.05,76.3,73.53,7422800.0,0.0336,563021500.0
300666,江丰电子,2025-05-19,74.92,75.15,75.56,73.87,5529700.0,0.025,417468399.99999994
300666,江丰电子,2025-05-20,75.15,74.4,75.15,74.12,4040600.0,0.0183,303617300.0
300666,江丰电子,2025-05-21,74.23,74.6,74.85,72.84,5007800.0,0.0227,374378800.0
300666,江丰电子,2025-05-22,74.19,73.33,75.07,73.04,4389300.0,0.0199,328936000.0
300666,江丰电子,2025-05-23,73.33,71.81,73.71,71.73,5428600.0,0.0246,398467900.0
300666,江丰电子,2025-05-26,71.93,72.88,73.6,71.91,4548300.0,0.0206,335133500.0
300666,江丰电子,2025-05-27,72.71,72.92,73.81,72.38,3018100.0,0.0137,222950300.0
300666,江丰电子,2025-05-28,72.81,71.21,73.1,71.04,4117600.0,0.018600000000000002,298337300.0
300666,江丰电子,2025-05-29,71.31,72.18,72.51,71.22,2935800.0,0.013300000000000001,213277000.0
300666,江丰电子,2025-05-30,71.74,70.89,72.78,70.3,4807800.0,0.0217,347205700.0
300666,江丰电子,2025-06-03,70.57,72.54,73.3,70.36,5445400.0,0.0246,398754500.0
300666,江丰电子,2025-06-04,72.45,72.6,72.91,72.34,2275800.0,0.0103,166758000.0
300666,江丰电子,2025-06-05,72.61,73.6,73.71,72.43,4246400.0,0.0192,313584000.0
300666,江丰电子,2025-06-06,73.81,73.93,75.15,73.36,5298600.0,0.024,396399800.00000006
300666,江丰电子,2025-06-09,73.8,74.36,74.81,73.01,4524400.0,0.020499999999999997,337129500.0
300666,江丰电子,2025-06-10,74.48,72.57,74.48,71.95,4794800.0,0.0217,352960600.0
300666,江丰电子,2025-06-11,72.56,72.12,73.41,72.1,4010600.0,0.0181,293951900.0
300666,江丰电子,2025-06-12,72.11,71.8,72.7,71.56,3978400.0,0.018000000000000002,289772700.0
300666,江丰电子,2025-06-13,71.54,71.1,72.67,71.03,5206300.0,0.0236,376745100.0
300666,江丰电子,2025-06-16,70.82,70.65,71.67,70.42,4339000.0,0.0196,311033100.0
300666,江丰电子,2025-06-17,71.11,70.86,71.11,70.19,3102400.0,0.013999999999999999,221018800.0
300666,江丰电子,2025-06-18,70.74,71.3,71.84,70.52,3925300.0,0.0178,280905500.0
300666,江丰电子,2025-06-19,71.19,70.62,71.98,70.56,4463700.0,0.0202,319342500.0
300666,江丰电子,2025-06-20,70.79,70.71,71.87,70.65,4485700.0,0.0203,321548500.0
300666,江丰电子,2025-06-23,70.24,71.61,71.84,69.5,5873800.0,0.026600000000000002,419990700.0
300666,江丰电子,2025-06-24,71.81,72.58,72.81,71.12,5646800.0,0.0255,410415500.0
300666,江丰电子,2025-06-25,72.92,74.0,74.3,72.73,7176000.0,0.0325,530337699.99999994
300666,江丰电子,2025-06-26,73.84,72.72,74.17,72.72,5308700.0,0.024,391832300.00000006
300666,江丰电子,2025-06-27,73.18,72.81,73.7,72.67,4396000.0,0.0199,323166300.0
300666,江丰电子,2025-06-30,73.2,73.72,74.11,73.03,6043900.0,0.0273,447414400.0
300666,江丰电子,2025-07-01,73.81,74.39,75.12,73.6,6784000.0,0.030699999999999998,507751500.0
300666,江丰电子,2025-07-02,74.42,73.24,74.43,72.92,5068000.0,0.0229,374310700.0
300666,江丰电子,2025-07-03,73.37,73.22,73.48,72.62,3563600.0,0.0161,261423400.0
300666,江丰电子,2025-07-04,72.99,71.75,73.17,71.59,5735600.0,0.0259,416228399.99999994
300666,江丰电子,2025-07-07,71.72,71.52,72.17,71.37,3105400.0,0.013999999999999999,223657599.99999997
300666,江丰电子,2025-07-08,71.61,73.57,74.06,71.61,7723100.0,0.0349,569065300.0
300666,江丰电子,2025-07-09,73.42,72.85,73.9,72.61,4523200.0,0.020499999999999997,332768900.0
300666,江丰电子,2025-07-10,72.63,72.6,73.07,72.07,3269400.0,0.0148,238348500.0
300666,江丰电子,2025-07-11,70.62,69.49,70.98,67.62,13699800.0,0.062,953896600.0
300666,江丰电子,2025-07-14,69.49,69.53,69.74,69.01,5768000.0,0.026099999999999998,402614200.0
300666,江丰电子,2025-07-15,69.53,69.32,69.87,69.08,6552000.0,0.0296,457174600.0
300666,江丰电子,2025-07-16,68.62,68.18,68.62,67.32,10427900.0,0.0472,712567300.0
300666,江丰电子,2025-07-17,68.03,68.82,68.83,67.82,6527300.0,0.029500000000000002,449058399.99999994
300666,江丰电子,2025-07-18,68.83,69.11,69.25,68.37,6229700.0,0.0282,430743300.0
300666,江丰电子,2025-07-21,68.88,68.94,69.2,68.64,5805800.0,0.0263,402449500.0
300666,江丰电子,2025-07-22,68.92,68.97,69.36,68.65,6109000.0,0.0276,424028000.0
300666,江丰电子,2025-07-23,68.86,68.93,69.5,68.65,6199400.0,0.027999999999999997,430709200.0
300666,江丰电子,2025-07-24,69.01,70.36,70.61,68.73,9412100.0,0.0426,659804700.0
300666,江丰电子,2025-07-25,70.29,70.6,70.78,69.67,6606500.0,0.029900000000000003,466436100.0
300666,江丰电子,2025-07-28,70.62,70.99,71.82,69.85,8023600.0,0.0363,572833900.0
300666,江丰电子,2025-07-29,70.62,71.05,71.41,70.38,6301100.0,0.0285,449128300.0
300666,江丰电子,2025-07-30,71.05,69.84,71.58,69.52,7877800.0,0.0356,557890200.0
300666,江丰电子,2025-07-31,69.85,68.92,70.46,68.7,7172900.0,0.032400000000000005,501301400.0
300666,江丰电子,2025-08-01,68.84,68.55,69.18,68.15,5546800.0,0.025099999999999997,382770000.0
300666,江丰电子,2025-08-04,68.14,68.7,68.98,67.88,4826700.0,0.0218,332394500.0
300666,江丰电子,2025-08-05,68.76,69.4,69.91,68.57,5506600.0,0.024900000000000002,382936400.0
300666,江丰电子,2025-08-06,69.31,69.89,69.95,68.92,5438300.0,0.0246,380098200.0
300666,江丰电子,2025-08-07,69.89,69.59,70.46,69.32,7094400.0,0.0321,498583600.0
300666,江丰电子,2025-08-08,69.52,68.46,69.57,68.33,6825800.0,0.030899999999999997,471280100.0
300666,江丰电子,2025-08-11,68.45,69.37,69.67,68.43,5662800.0,0.0256,393330400.0
300666,江丰电子,2025-08-12,69.29,70.04,70.42,68.93,7478900.0,0.0338,524466100.0
300666,江丰电子,2025-08-13,70.0,71.89,73.38,69.96,15117600.0,0.0684,1094172700.0
300666,江丰电子,2025-08-14,73.31,72.32,75.01,71.93,17412800.0,0.0787,1281740900.0
300666,江丰电子,2025-08-15,71.74,73.42,73.54,71.72,12278800.0,0.0555,898963000.0
300666,江丰电子,2025-08-18,74.12,78.43,79.62,73.47,24399500.0,0.1103,1886579900.0
300666,江丰电子,2025-08-19,78.12,76.48,78.12,76.28,13072000.0,0.0591,1010398300.0
300666,江丰电子,2025-08-20,76.32,81.04,81.8,76.22,20277000.0,0.0917,1607571700.0000002
300666,江丰电子,2025-08-21,81.05,80.03,81.5,79.2,14595200.0,0.066,1176843500.0
300666,江丰电子,2025-08-22,80.92,81.65,82.77,80.13,17912800.0,0.081,1463149700.0
300666,江丰电子,2025-08-25,82.42,80.35,83.42,78.66,20796500.0,0.094,1685694700.0
300666,江丰电子,2025-08-26,79.39,78.72,79.97,78.24,15180700.0,0.06860000000000001,1205932600.0
300666,江丰电子,2025-08-27,78.83,79.57,83.82,78.39,21832500.0,0.0987,1774286600.0
300666,江丰电子,2025-08-28,79.52,81.94,81.95,79.19,17973600.0,0.08130000000000001,1461182400.0
300666,江丰电子,2025-08-29,82.54,80.61,82.72,79.44,14252200.0,0.0644,1153285100.0
300666,江丰电子,2025-09-01,81.46,80.89,82.38,79.5,13143500.0,0.0594,1065982500.0
300666,江丰电子,2025-09-02,80.63,77.17,81.58,76.62,15996900.0,0.0723,1257987400.0
300666,江丰电子,2025-09-03,77.7,77.03,79.9,76.7,12033700.0,0.054400000000000004,945393900.0
300666,江丰电子,2025-09-04,76.92,73.31,77.58,72.13,14755400.0,0.0667,1106697100.0
300666,江丰电子,2025-09-05,73.54,75.15,75.37,73.27,8485600.0,0.0384,633897200.0
300666,江丰电子,2025-09-08,75.32,75.15,75.71,74.09,8018100.0,0.0363,603817700.0
300666,江丰电子,2025-09-09,74.78,73.41,75.09,73.01,6466000.0,0.0292,480897300.00000006
300666,江丰电子,2025-09-10,73.46,73.32,74.83,73.19,6138200.0,0.0278,455533399.99999994
300666,江丰电子,2025-09-11,73.32,75.61,75.72,72.52,10669000.0,0.0482,801906300.0
300666,江丰电子,2025-09-12,75.67,78.68,81.24,75.25,19296500.0,0.0873,1532910300.0
300666,江丰电子,2025-09-15,79.77,77.33,80.3,77.22,11054300.0,0.05,865735000.0
300666,江丰电子,2025-09-16,77.36,77.32,77.82,76.29,8806700.0,0.0398,681732600.0
300666,江丰电子,2025-09-17,77.32,80.0,80.5,76.83,15189000.0,0.0687,1206937500.0
300666,江丰电子,2025-09-18,80.01,79.78,82.8,78.63,19241500.0,0.087,1564174300.0
300666,江丰电子,2025-09-19,79.82,78.99,81.87,78.73,12949500.0,0.058600000000000006,1044189900.0
300666,江丰电子,2025-09-22,80.55,80.8,81.5,79.65,14093200.0,0.0637,1139730200.0
300666,江丰电子,2025-09-23,81.82,81.97,82.02,78.32,15331700.0,0.0693,1235561000.0
300666,江丰电子,2025-09-24,82.89,98.44,98.44,82.4,40396300.0,0.1827,3759598700.0
300666,江丰电子,2025-09-25,99.62,99.72,102.85,95.84,45887800.0,0.2075,4557816200.0
300666,江丰电子,2025-09-26,99.37,104.66,107.39,97.53,39958000.0,0.1807,4122757600.0
300666,江丰电子,2025-09-29,104.12,106.72,109.91,101.3,35429000.0,0.1602,3724328300.0
300666,江丰电子,2025-09-30,107.08,101.52,107.08,100.12,32522300.0,0.1471,3377051800.0
300666,江丰电子,2025-10-09,105.14,101.45,107.02,100.42,30602200.0,0.1384,3188293100.0
300666,江丰电子,2025-10-10,98.65,99.6,101.0,95.88,24342400.0,0.1101,2388452100.0
300666,江丰电子,2025-10-13,98.65,114.14,114.14,98.62,45246800.0,0.2046,4911016700.0
300666,江丰电子,2025-10-14,112.51,105.52,112.51,103.32,36499900.0,0.165,3926785400.0
300666,江丰电子,2025-10-15,102.82,100.9,103.32,98.61,21455300.0,0.09699999999999999,2162603200.0
300666,江丰电子,2025-10-16,99.62,101.0,104.62,98.15,17881800.0,0.0809,1821874900.0
300666,江丰电子,2025-10-17,99.21,94.16,99.32,93.47,19624700.0,0.08869999999999999,1888599400.0
300666,江丰电子,2025-10-20,96.2,92.03,96.32,91.24,15518200.0,0.0702,1456924600.0
300666,江丰电子,2025-10-21,92.88,92.9,94.04,91.82,13823800.0,0.0625,1291609600.0
300666,江丰电子,2025-10-22,91.62,92.07,93.22,91.13,9613500.0,0.0435,889394700.0
300666,江丰电子,2025-10-23,91.32,91.83,92.19,89.71,9075300.0,0.040999999999999995,826390800.0
300666,江丰电子,2025-10-24,93.39,95.66,96.62,92.52,19252400.0,0.08710000000000001,1839378599.9999998
300666,江丰电子,2025-10-27,97.23,100.27,101.13,95.31,23024900.0,0.1041,2262970700.0
300666,江丰电子,2025-10-28,99.27,97.02,99.27,96.52,15828000.0,0.0716,1554825400.0
300666,江丰电子,2025-10-29,96.86,97.8,98.59,95.37,14468500.0,0.0654,1407761400.0000002
300666,江丰电子,2025-10-30,97.7,95.42,98.6,95.34,12353800.0,0.0559,1196469400.0
300666,江丰电子,2025-10-31,94.9,93.62,96.2,92.97,9938200.0,0.0449,940761799.9999999
300666,江丰电子,2025-11-03,92.27,91.34,92.5,88.82,12344700.0,0.0558,1122612500.0
300666,江丰电子,2025-11-04,91.01,90.17,92.02,89.71,7390900.0,0.0334,674807200.0
300666,江丰电子,2025-11-05,88.53,89.63,90.12,87.89,7772100.0,0.0351,695651500.0
300666,江丰电子,2025-11-06,90.52,92.03,92.35,90.31,10476600.0,0.047400000000000005,962035300.0
300666,江丰电子,2025-11-07,90.63,90.02,91.57,89.87,7641600.0,0.0346,694911100.0
300666,江丰电子,2025-11-10,90.52,91.01,92.8,90.22,9672100.0,0.0437,886602899.9999999
300666,江丰电子,2025-11-11,92.58,90.55,93.61,90.3,10816600.0,0.0489,999070900.0
300666,江丰电子,2025-11-12,90.82,90.56,92.15,87.39,8919500.0,0.0403,806591700.0
300666,江丰电子,2025-11-13,90.38,91.17,91.95,89.52,9338300.0,0.042199999999999994,854187899.9999999
300666,江丰电子,2025-11-14,89.62,87.13,90.38,87.13,10319800.0,0.0467,916855600.0
300666,江丰电子,2025-11-17,87.64,86.5,89.21,85.93,7074300.0,0.032,618371600.0
300666,江丰电子,2025-11-18,86.14,87.34,88.82,85.7,7605800.0,0.0344,667819700.0
300666,江丰电子,2025-11-19,86.67,86.93,88.8,86.2,6403200.0,0.028999999999999998,562407200.0
300666,江丰电子,2025-11-20,88.15,85.42,88.5,85.42,5895900.0,0.026699999999999998,512667500.0
300666,江丰电子,2025-11-21,83.67,81.18,85.32,81.08,9886700.0,0.0447,823335700.0000001
300666,江丰电子,2025-11-24,81.87,82.92,83.27,81.34,5858900.0,0.0265,484577600.0
300666,江丰电子,2025-11-25,83.31,83.98,85.62,83.0,7501100.0,0.0339,636216000.0
300666,江丰电子,2025-11-26,83.58,84.08,84.87,82.95,5369600.0,0.024300000000000002,453946900.0
300666,江丰电子,2025-11-27,84.16,83.48,86.19,83.28,6759700.0,0.030600000000000002,575255300.0
300666,江丰电子,2025-11-28,83.21,84.91,85.61,83.01,6915000.0,0.0313,587952500.0
300666,江丰电子,2025-12-01,85.58,87.88,88.32,84.98,9405300.0,0.0425,820213000.0
300666,江丰电子,2025-12-02,87.12,85.94,87.55,85.77,5959900.0,0.0269,517501200.0
300666,江丰电子,2025-12-03,86.2,85.92,87.16,85.37,5033500.0,0.022799999999999997,435264400.0
300666,江丰电子,2025-12-04,85.02,86.9,87.57,84.82,5929200.0,0.0268,513646300.0
300666,江丰电子,2025-12-05,86.91,86.94,87.5,84.95,5974000.0,0.027000000000000003,517678700.0
300666,江丰电子,2025-12-08,86.94,88.4,89.02,86.63,7916200.0,0.0358,700982899.9999999
300666,江丰电子,2025-12-09,87.62,87.32,88.7,86.95,6546900.0,0.0296,577168600.0
300666,江丰电子,2025-12-10,86.72,88.35,88.85,86.21,6238900.0,0.0282,549013300.0
300666,江丰电子,2025-12-11,88.12,86.85,88.88,86.82,5381200.0,0.024300000000000002,474553500.0
300666,江丰电子,2025-12-12,86.72,88.67,89.45,86.2,8635700.0,0.039,762398300.0
300666,江丰电子,2025-12-15,87.63,89.88,90.91,87.63,11396300.0,0.051500000000000004,1028482300.0
300666,江丰电子,2025-12-16,89.63,89.63,91.1,87.62,9722100.0,0.044000000000000004,873454700.0
300666,江丰电子,2025-12-17,88.62,91.49,91.77,87.13,11994700.0,0.0542,1084129600.0
300666,江丰电子,2025-12-18,90.66,91.02,93.42,90.63,11279000.0,0.051,1044656300.0
300666,江丰电子,2025-12-19,91.61,89.45,91.92,89.22,7857300.0,0.0355,712472400.0
300666,江丰电子,2025-12-22,88.63,92.33,93.32,88.63,10010100.0,0.0453,920921100.0
300666,江丰电子,2025-12-23,91.87,95.27,95.28,91.63,14213300.0,0.0643,1338907600.0
300666,江丰电子,2025-12-24,95.32,96.38,97.4,94.42,12710400.0,0.0575,1223661000.0
300666,江丰电子,2025-12-25,96.38,95.87,99.52,94.95,12827600.0,0.057999999999999996,1245680700.0
300666,江丰电子,2025-12-26,96.12,94.28,96.42,93.62,9630400.0,0.0435,916261200.0
300666,江丰电子,2025-12-29,93.88,93.14,94.88,92.76,7559900.0,0.0342,710986000.0
300666,江丰电子,2025-12-30,92.97,92.63,94.42,92.52,7142900.0,0.0323,668317400.0
300666,江丰电子,2025-12-31,93.62,91.62,94.12,91.62,6812100.0,0.0308,632995300.0
300666,江丰电子,2026-01-05,92.54,99.92,102.62,92.5,17633700.0,0.0797,1703717200.0
300666,江丰电子,2026-01-06,98.51,106.67,110.62,98.43,30927800.0,0.1398,3291880900.0000005
300666,江丰电子,2026-01-07,108.82,110.42,111.39,105.78,24473600.0,0.1107,2673441800.0
300666,江丰电子,2026-01-08,109.62,111.9,117.12,108.9,19084200.0,0.0863,2157102300.0
300666,江丰电子,2026-01-09,109.9,113.13,113.88,109.23,15376400.0,0.0695,1723406400.0000002
300666,江丰电子,2026-01-12,112.02,114.85,116.22,109.83,15154400.0,0.06849999999999999,1733256700.0000002
300666,江丰电子,2026-01-13,113.68,114.7,118.28,113.24,14019300.0,0.0634,1618993800.0
300666,江丰电子,2026-01-14,115.06,119.95,121.62,113.97,20631500.0,0.0933,2460223200.0
300666,江丰电子,2026-01-15,118.75,128.24,128.29,117.95,19376300.0,0.0876,2437815600.0
300666,江丰电子,2026-01-16,126.96,128.73,130.98,124.59,20117200.0,0.091,2572067200.0
300666,江丰电子,2026-01-19,130.51,126.43,131.61,125.88,13858500.0,0.06269999999999999,1779217800.0
300666,江丰电子,2026-01-20,125.99,127.27,129.12,123.9,13095400.0,0.0592,1663364000.0
300666,江丰电子,2026-01-21,125.62,123.41,129.02,122.32,17131100.0,0.0775,2135520100.0
300666,江丰电子,2026-01-22,125.52,123.3,126.59,121.7,10524200.0,0.047599999999999996,1301884700.0
300666,江丰电子,2026-01-23,123.21,121.65,123.21,116.62,15716200.0,0.0711,1885990600.0
300666,江丰电子,2026-01-26,121.12,117.62,121.12,116.72,10053200.0,0.0455,1192018800.0
300666,江丰电子,2026-01-27,117.78,119.02,119.95,116.02,11809700.0,0.053399999999999996,1400190300.0
300666,江丰电子,2026-01-28,119.5,118.17,120.54,116.63,9929900.0,0.0449,1175560000.0
300666,江丰电子,2026-01-29,118.6,113.1,119.32,113.09,11747300.0,0.053099999999999994,1359209000.0
300666,江丰电子,2026-02-06,113.2,123.23,129.23,109.95,42595400.0,0.19260000000000002,5149266300.0
300666,江丰电子,2026-02-09,124.62,129.0,136.45,124.62,31532500.0,0.1426,4147784000.0
300666,江丰电子,2026-02-10,127.71,131.82,132.94,124.48,22109800.0,0.1,2843828900.0
300666,江丰电子,2026-02-11,129.42,130.31,132.97,125.62,14724600.0,0.0666,1924029800.0
300666,江丰电子,2026-02-12,132.26,143.92,145.86,131.14,24284900.0,0.10980000000000001,3397237900.0
300666,江丰电子,2026-02-13,140.82,144.67,147.5,139.82,16925400.0,0.0765,2448510000.0
300666,江丰电子,2026-02-24,143.68,142.62,144.62,136.63,16318600.0,0.0738,2309145500.0
300666,江丰电子,2026-02-25,145.48,158.92,164.18,144.45,24183100.0,0.1093,3731082100.0
300666,江丰电子,2026-02-26,158.96,162.62,163.42,155.62,20594600.0,0.0931,3295464699.9999995
300666,江丰电子,2026-02-27,158.62,161.63,163.28,156.65,13675000.0,0.061799999999999994,2199364900.0
300666,江丰电子,2026-03-02,155.95,157.46,161.62,155.94,15276400.0,0.0691,2420086400.0
300666,江丰电子,2026-03-03,156.66,154.2,167.43,153.9,20156500.0,0.0911,3216148300.0
300666,江丰电子,2026-03-04,149.62,149.63,155.59,148.13,14614800.0,0.0661,2213173900.0
300666,江丰电子,2026-03-05,155.63,151.12,156.12,148.88,13746100.0,0.0622,2088881099.9999998
300666,江丰电子,2026-03-06,150.1,147.99,151.55,146.4,10132100.0,0.0458,1510502800.0
300666,江丰电子,2026-03-09,144.51,151.13,152.61,141.57,14014200.0,0.0634,2065018000.0
300666,江丰电子,2026-03-10,153.47,153.8,154.35,150.15,12525300.0,0.056600000000000004,1920151300.0
300666,江丰电子,2026-03-11,152.62,148.88,154.22,147.82,11398500.0,0.051500000000000004,1709080700.0
300666,江丰电子,2026-03-12,149.62,147.14,152.5,142.69,10454700.0,0.0473,1536381099.9999998
300666,江丰电子,2026-03-13,144.72,144.52,150.02,143.62,7904600.0,0.035699999999999996,1158305700.0
300666,江丰电子,2026-03-16,145.37,142.32,146.52,138.12,9277400.0,0.04190000000000001,1309875500.0
300666,江丰电子,2026-03-17,143.23,135.74,143.72,135.62,8150600.0,0.0369,1129964500.0
300666,江丰电子,2026-03-18,137.51,137.04,138.22,134.43,6670700.0,0.0302,911063900.0
300666,江丰电子,2026-03-19,135.75,136.27,139.57,133.17,9416400.0,0.0426,1286130000.0
300666,江丰电子,2026-03-20,137.0,132.76,139.56,132.62,8595400.0,0.038900000000000004,1175156800.0
300666,江丰电子,2026-03-23,130.39,125.33,132.51,124.33,8183100.0,0.037000000000000005,1050779600.0000001
300666,江丰电子,2026-03-24,127.86,130.47,130.96,125.1,8960500.0,0.0405,1150581600.0
300666,江丰电子,2026-03-25,133.14,136.97,141.49,133.08,12455500.0,0.056299999999999996,1729216500.0
300666,江丰电子,2026-03-26,136.93,133.22,136.97,132.28,5486300.0,0.0248,739653900.0
300666,江丰电子,2026-03-27,131.11,145.64,147.6,130.47,16192500.0,0.0732,2298871500.0
300666,江丰电子,2026-03-30,144.46,146.11,146.11,141.12,10871300.0,0.0492,1568346600.0
300666,江丰电子,2026-03-31,144.42,138.84,144.92,138.22,8950600.0,0.0405,1262457500.0
300666,江丰电子,2026-04-01,143.5,139.89,144.22,138.62,8234600.0,0.037200000000000004,1162410400.0
300666,江丰电子,2026-04-02,139.15,135.12,139.52,133.02,7310700.0,0.0331,993083200.0000001
300666,江丰电子,2026-04-03,135.92,148.76,151.07,134.94,17088000.0,0.07730000000000001,2486660300.0
300666,江丰电子,2026-04-07,149.61,149.13,152.9,147.66,8502500.0,0.0384,1274670000.0
300666,江丰电子,2026-04-08,150.16,159.23,160.27,149.22,15959400.0,0.0722,2502923800.0
300666,江丰电子,2026-04-09,155.62,156.59,159.62,154.98,9102000.0,0.0412,1433609700.0
300666,江丰电子,2026-04-10,158.6,156.12,164.42,156.12,12455500.0,0.056299999999999996,1993283500.0
300666,江丰电子,2026-04-13,154.86,155.64,158.34,154.46,9373300.0,0.0424,1465250100.0
300666,江丰电子,2026-04-14,157.62,161.54,164.12,156.3,10644600.0,0.0481,1708595500.0
300666,江丰电子,2026-04-15,161.55,153.97,161.55,153.03,9664700.0,0.0437,1517364800.0
300666,江丰电子,2026-04-16,154.31,153.67,154.97,149.74,7525800.0,0.034,1154861300.0
300666,江丰电子,2026-04-17,151.38,159.04,161.35,149.31,12999700.0,0.0588,2045460600.0
300666,江丰电子,2026-04-20,158.46,156.58,158.47,152.9,9159800.0,0.0414,1426685200.0
300666,江丰电子,2026-04-21,156.62,156.84,159.56,152.75,8459500.0,0.0383,1323625000.0
300666,江丰电子,2026-04-22,156.19,160.28,160.3,154.83,11425500.0,0.051699999999999996,1814553800.0
300666,江丰电子,2026-04-23,160.42,155.57,162.62,151.97,12495700.0,0.0565,1949984900.0
300666,江丰电子,2026-04-24,154.82,155.83,158.12,153.49,7938100.0,0.0359,1238065500.0
300666,江丰电子,2026-04-27,159.62,167.37,171.58,159.62,17499400.0,0.0791,2926930100.0
300666,江丰电子,2026-04-28,167.42,178.99,179.62,164.66,18963900.0,0.0858,3317275300.0000005
300666,江丰电子,2026-04-29,167.62,175.01,175.38,161.91,19776000.0,0.0894,3333671200.0
300666,江丰电子,2026-04-30,171.62,179.33,190.73,168.62,14951700.0,0.0676,2646512199.9999995
300666,江丰电子,2026-05-06,184.62,181.63,195.22,180.63,16289400.0,0.0737,3055031700.0
300666,江丰电子,2026-05-07,182.93,186.17,186.22,176.9,12630800.0,0.0571,2305292300.0
300666,江丰电子,2026-05-08,180.22,173.05,181.42,171.62,16939000.0,0.0766,2982263100.0
300666,江丰电子,2026-05-11,176.52,184.62,184.62,173.63,17430100.0,0.0788,3148505400.0
300666,江丰电子,2026-05-12,182.62,181.39,182.9,177.39,12100600.0,0.0547,2177606300.0
300666,江丰电子,2026-05-13,176.66,185.87,186.89,173.71,13960100.0,0.06309999999999999,2515239700.0
300666,江丰电子,2026-05-14,186.62,179.62,194.62,179.62,14617900.0,0.0661,2738766900.0
300666,江丰电子,2026-05-15,181.29,189.48,197.61,180.73,20575700.0,0.0931,3881658900.0
300666,江丰电子,2026-05-18,189.54,200.88,202.12,185.9,18894500.0,0.0855,3732169400.0
300666,江丰电子,2026-05-19,198.62,213.55,216.11,195.62,19800900.0,0.08960000000000001,4101653200.0
300666,江丰电子,2026-05-20,209.5,213.3,217.62,204.86,15756500.0,0.0713,3324368900.0
300666,江丰电子,2026-05-21,216.12,190.64,221.84,188.52,23499700.0,0.1063,4864849800.0
300666,江丰电子,2026-05-22,192.99,196.6,201.87,184.0,17228200.0,0.0779,3326538700.0
300666,江丰电子,2026-05-25,197.9,207.99,209.38,189.68,17088300.0,0.07730000000000001,3445613600.0
300666,江丰电子,2026-05-26,205.63,197.09,205.63,188.25,18503500.0,0.0837,3609431700.0
300666,江丰电子,2026-05-27,195.0,183.4,197.99,182.24,16411800.0,0.0742,3116623300.0
300666,江丰电子,2026-05-28,182.18,203.05,204.97,181.67,25207900.0,0.114,4956263900.0
300666,江丰电子,2026-05-29,204.0,190.2,204.14,187.74,18206700.0,0.0823,3527764300.0
300666,江丰电子,2026-06-01,189.25,188.06,198.6,186.55,13523600.0,0.061200000000000004,2593346700.0
300666,江丰电子,2026-06-02,188.6,209.22,215.88,188.6,25881600.0,0.11699999999999999,5361965699.999999
300666,江丰电子,2026-06-03,209.16,208.0,214.44,204.27,18171300.0,0.08220000000000001,3796265600.0
300666,江丰电子,2026-06-04,205.0,210.53,213.46,205.0,13371100.0,0.0605,2811072400.0
300666,江丰电子,2026-06-05,205.55,201.19,215.96,198.2,15040000.0,0.068,3099130600.0
300666,江丰电子,2026-06-08,195.0,193.57,205.8,191.0,13982000.0,0.0632,2747500900.0000005
300666,江丰电子,2026-06-09,199.0,224.88,226.5,195.22,23255100.0,0.1052,4958217800.0
300666,江丰电子,2026-06-10,224.85,243.67,249.88,220.0,27864400.0,0.126,6509198700.0
300666,江丰电子,2026-06-11,255.13,292.4,292.4,255.13,21600100.0,0.0977,6027696500.0
300666,江丰电子,2026-06-12,337.21,274.08,338.88,271.93,48024300.0,0.21719999999999998,14147876600.0
300666,江丰电子,2026-06-15,284.0,293.6,298.0,265.6,33123600.0,0.14980000000000002,9406398900.0
300666,江丰电子,2026-06-16,293.0,299.61,308.8,288.18,33066900.0,0.1495,9821713300.0
300666,江丰电子,2026-06-17,288.0,301.57,304.4,285.01,31445600.0,0.1422,9224904800.0
300666,江丰电子,2026-06-18,301.58,311.2,325.68,300.6,25625400.0,0.1159,8016166000.0
300666,江丰电子,2026-06-22,323.0,308.75,326.53,299.19,28532300.0,0.129,8852208100.0
300666,江丰电子,2026-06-23,300.1,292.83,308.53,289.0,22525300.0,0.10189999999999999,6686822400.0
300666,江丰电子,2026-06-24,291.72,304.04,308.62,285.0,20783500.0,0.094,6210300200.0
300666,江丰电子,2026-06-25,314.0,330.0,337.7,304.1,25585400.0,0.1157,8290035100.0
300666,江丰电子,2026-06-26,326.7,354.78,366.65,324.48,27249300.0,0.1232,9501036600.0
300666,江丰电子,2026-06-29,369.1,382.48,388.99,339.02,30275800.0,0.1369,11136706399.999998
300666,江丰电子,2026-06-30,372.0,368.6,374.97,345.8,25856000.0,0.11689999999999999,9386736800.0
300666,江丰电子,2026-07-01,369.0,394.33,418.99,369.0,25396800.0,0.1149,9977395700.0
300666,江丰电子,2026-07-02,370.11,342.47,375.0,340.51,24656600.0,0.1115,8738362500.0
300666,江丰电子,2026-07-03,348.4,332.19,351.0,320.88,20795700.0,0.094,6948126899.999999
300666,江丰电子,2026-07-06,338.83,326.86,342.79,311.0,17330100.0,0.0784,5683938400.0
300666,江丰电子,2026-07-07,326.0,329.0,336.99,316.24,13804700.0,0.062400000000000004,4551551300.0
300666,江丰电子,2026-07-08,329.12,333.86,347.6,307.0,19119000.0,0.08650000000000001,6304369399.999999
300666,江丰电子,2026-07-09,339.46,364.48,366.88,328.55,23926500.0,0.1082,8294559500.0
300666,江丰电子,2026-07-10,369.0,340.44,385.0,340.44,22397000.0,0.1013,8158757300.0
300666,江丰电子,2026-07-13,332.08,318.34,346.8,315.19,17692500.0,0.08,5866048000.0
300666,江丰电子,2026-07-14,324.0,311.39,324.99,291.18,22049700.0,0.09970000000000001,6798386500.0
300666,江丰电子,2026-07-15,316.0,282.14,316.98,280.0,19520500.0,0.0883,5732728800.0
300666,江丰电子,2026-07-16,253.75,240.0,264.48,233.42,33466200.0,0.1514,8390678400.0
300666,江丰电子,2026-07-17,239.67,218.04,241.41,216.5,25054800.0,0.1133,5685012900.0
300666,江丰电子,2026-07-20,225.0,199.0,229.0,190.1,23414500.0,0.1059,4868920300.0
300666,江丰电子,2026-07-21,205.02,236.76,237.78,183.83,29449300.0,0.1332,6249489399.999999
300666,江丰电子,2026-07-22,236.0,235.08,248.93,231.0,26471300.0,0.1197,6380093300.0
300666,江丰电子,2026-07-23,239.79,227.79,240.99,223.39,16112300.0,0.0729,3711550300.0000005
300666,江丰电子,2026-07-24,226.93,229.47,236.58,217.8,16813300.0,0.076,3865146800.0
300666,江丰电子,2026-07-27,229.47,240.85,241.5,219.01,20069400.0,0.0908,4686247900.0
300666,江丰电子,2026-07-28,234.14,223.02,240.44,220.5,17492800.0,0.0791,4044000600.0
300666,江丰电子,2026-07-29,223.38,219.66,225.88,205.88,18823000.0,0.0851,4065558900.0
300666,江丰电子,2026-07-30,217.11,197.06,220.88,193.2,18470400.0,0.08349999999999999,3769329200.0
300666,江丰电子,2026-07-31,220.8,203.42,223.23,203.22,19091700.0,0.0863,4093869000.0
300666,江丰电子,2026-08-03,202.47,185.01,203.1,184.2,17205500.0,0.07780000000000001,3289699300.0
300666,江丰电子,2026-08-04,188.02,200.08,202.68,185.25,17087400.0,0.07730000000000001,3332396100.0
300666,江丰电子,2026-08-05,200.0,222.4,229.33,198.51,23107500.0,0.1045,4994867600.0
300666,江丰电子,2026-08-06,215.0,238.62,240.0,215.0,24155400.0,0.1092,5614238100.000001
300666,江丰电子,2026-08-07,245.94,252.54,255.25,240.0,22280000.0,0.1008,5544704500.0
300666,江丰电子,2026-08-10,253.0,261.68,264.0,251.0,22428900.0,0.1014,5782895300.0
300666,江丰电子,2026-08-11,256.0,253.99,261.0,250.01,16130500.0,0.073,4118218200.0
300666,江丰电子,2026-08-12,257.88,264.05,268.74,257.8,15317900.0,0.0693,4059505500.0
300666,江丰电子,2026-08-13,268.89,251.02,269.84,250.88,17836000.0,0.08070000000000001,4654199200.0
300666,江丰电子,2026-08-14,256.07,255.9,257.5,248.8,11977400.0,0.0542,3040087100.0
300666,江丰电子,2026-08-17,256.8,269.82,272.9,256.8,15460300.0,0.0699,4136536200.0
300666,江丰电子,2026-08-18,270.15,278.28,279.78,268.0,17422800.0,0.0788,4778094100.0
300666,江丰电子,2026-08-19,264.68,252.57,272.0,249.0,19542700.0,0.08839999999999999,5074098700.0
300666,江丰电子,2026-08-20,258.51,249.05,259.98,245.96,14228600.0,0.0643,3579846900.0
300666,江丰电子,2026-08-21,247.0,246.7,253.36,243.56,10347100.0,0.046799999999999994,2559848900.0
300666,江丰电子,2026-08-24,248.11,250.4,255.88,240.6,18276000.0,0.0825,4534385500.0
300666,江丰电子,2026-08-25,233.01,235.5,238.98,224.0,19578700.0,0.08839999999999999,4538650700.0
300666,江丰电子,2026-08-26,234.0,235.86,242.0,231.0,11906300.0,0.0538,2811542100.0
300666,江丰电子,2026-08-27,240.58,248.18,248.69,234.0,13406300.0,0.0605,3257090700.0
300666,江丰电子,2026-08-28,247.1,239.82,249.27,239.27,11225800.0,0.0507,2738863200.0
300666,江丰电子,2026-08-31,237.0,244.08,245.9,232.51,12183000.0,0.055,2911783800.0
300666,江丰电子,2026-09-01,243.0,228.82,243.6,228.4,11520500.0,0.052000000000000005,2672335600.0
300666,江丰电子,2026-09-02,223.66,225.44,228.3,221.0,7766300.0,0.0351,1742616600.0
300666,江丰电子,2026-09-03,229.0,227.5,230.05,223.77,6430100.0,0.028999999999999998,1457966400.0000002
300666,江丰电子,2026-09-04,229.88,220.18,231.42,217.58,8577100.0,0.0387,1918778400.0
300666,江丰电子,2026-09-07,224.1,239.25,240.6,222.39,13687600.0,0.061799999999999994,3186395000.0
300666,江丰电子,2026-09-08,239.5,234.7,242.5,233.6,8523700.0,0.0385,2026030900.0
300666,江丰电子,2026-09-09,237.01,231.01,240.57,229.04,7628700.0,0.0344,1785034700.0
300666,江丰电子,2026-09-10,228.88,233.7,238.0,228.0,7514900.0,0.0339,1756664100.0
300666,江丰电子,2026-09-11,230.0,230.46,232.0,220.2,8586400.0,0.0388,1947012200.0
300666,江丰电子,2026-09-14,225.0,237.1,239.35,222.22,9584100.0,0.0433,2227582800.0
300666,江丰电子,2026-09-15,234.83,244.71,248.71,234.0,14349700.0,0.06480000000000001,3495850000.0
300666,江丰电子,2026-09-16,246.01,252.83,256.0,242.0,15548500.0,0.0702,3900011000.0
